run_id,package_id,check_id,domain,status,result_kind,applicability,method,started_at,duration_seconds,environment_id,config_sha256,notes,expected,observed,tool,command,evidence
cutadapt-5.2-pilot-001,cutadapt__5.2__py313hd978853_2__linux-64,CLI-ERROR-QUALITY-001,robustness,PASS,CONTRACT,APPLICABLE,automated_with_manifest,2026-07-15T07:34:24.175629Z,0.39722154196351767,pixi-lock:sha256:850402ead7c9fe63cc9afe168253782c814176304950b17ec93b680efb63ddd1,9fab92a0a163badb1948e8f013542c6061d047a54c1fc95079c348e20b6dda19,,"{""exit_codes"": [1, 2, 64], ""output_sha256"": {}, ""repeat_count"": 1, ""stdout_contains"": null, ""timeout_seconds"": 30}","{""diagnostic_text_detected"": true, ""exit_code"": 2, ""files_created"": [], ""resolved_package"": {""build"": ""py313hf513372_2"", ""name"": ""cutadapt"", ""subdir"": ""osx-arm64"", ""version"": ""5.2""}, ""timed_out"": false, ""traceback_detected"": false, ""usage_or_help_text_detected"": true}","{""name"": ""seebot"", ""version"": ""0.1.0""}","[""cutadapt"", ""--definitely-not-a-real-option""]","{""metadata"": ""evidence/cutadapt-5.2-pilot-001/cutadapt__5.2__py313hd978853_2__linux-64/CLI-ERROR-QUALITY-001/metadata.json"", ""stderr"": ""evidence/cutadapt-5.2-pilot-001/cutadapt__5.2__py313hd978853_2__linux-64/CLI-ERROR-QUALITY-001/stderr.txt"", ""stdout"": ""evidence/cutadapt-5.2-pilot-001/cutadapt__5.2__py313hd978853_2__linux-64/CLI-ERROR-QUALITY-001/stdout.txt""}"
cutadapt-5.2-pilot-001,cutadapt__5.2__py313hd978853_2__linux-64,CLI-FUNCTIONAL-001,functional,PASS,CONTRACT,APPLICABLE,automated_with_manifest,2026-07-14T20:17:05.439118Z,0.37843929207883775,pixi-lock:sha256:850402ead7c9fe63cc9afe168253782c814176304950b17ec93b680efb63ddd1,055599a78e434def9d99fd5904bd8f1c7ef558a1c61ce099f0721a11f57bf4c8,,"{""exit_codes"": [0], ""output_sha256"": {""trimmed.fastq"": ""a39aea2c326f1e3abac97797280a9b9087e424471020ee90f542d5385bba8d2b""}, ""stdout_contains"": null, ""timeout_seconds"": 30}","{""exit_code"": 0, ""output_sha256"": {""trimmed.fastq"": ""a39aea2c326f1e3abac97797280a9b9087e424471020ee90f542d5385bba8d2b""}, ""resolved_package"": {""build"": ""py313hf513372_2"", ""name"": ""cutadapt"", ""subdir"": ""osx-arm64"", ""version"": ""5.2""}, ""timed_out"": false}","{""name"": ""seebot"", ""version"": ""0.1.0""}","[""cutadapt"", ""--cores=1"", ""-a"", ""AGATCGGAAGAGC"", ""-o"", ""/work/trimmed.fastq"", ""/fixtures/input.fastq""]","{""metadata"": ""evidence/cutadapt-5.2-pilot-001/cutadapt__5.2__py313hd978853_2__linux-64/CLI-FUNCTIONAL-001/metadata.json"", ""stderr"": ""evidence/cutadapt-5.2-pilot-001/cutadapt__5.2__py313hd978853_2__linux-64/CLI-FUNCTIONAL-001/stderr.txt"", ""stdout"": ""evidence/cutadapt-5.2-pilot-001/cutadapt__5.2__py313hd978853_2__linux-64/CLI-FUNCTIONAL-001/stdout.txt""}"
cutadapt-5.2-pilot-001,cutadapt__5.2__py313hd978853_2__linux-64,CLI-HELP-001,cli,PASS,CONTRACT,APPLICABLE,automated_with_manifest,2026-07-15T07:34:22.299544Z,0.34501279098913074,pixi-lock:sha256:850402ead7c9fe63cc9afe168253782c814176304950b17ec93b680efb63ddd1,9fab92a0a163badb1948e8f013542c6061d047a54c1fc95079c348e20b6dda19,,"{""exit_codes"": [0], ""output_sha256"": {}, ""repeat_count"": 1, ""stdout_contains"": null, ""timeout_seconds"": 30}","{""exit_code"": 0, ""files_created"": [], ""resolved_package"": {""build"": ""py313hf513372_2"", ""name"": ""cutadapt"", ""subdir"": ""osx-arm64"", ""version"": ""5.2""}, ""timed_out"": false, ""traceback_detected"": false, ""usage_or_help_text_detected"": true}","{""name"": ""seebot"", ""version"": ""0.1.0""}","[""cutadapt"", ""--help""]","{""metadata"": ""evidence/cutadapt-5.2-pilot-001/cutadapt__5.2__py313hd978853_2__linux-64/CLI-HELP-001/metadata.json"", ""stderr"": ""evidence/cutadapt-5.2-pilot-001/cutadapt__5.2__py313hd978853_2__linux-64/CLI-HELP-001/stderr.txt"", ""stdout"": ""evidence/cutadapt-5.2-pilot-001/cutadapt__5.2__py313hd978853_2__linux-64/CLI-HELP-001/stdout.txt""}"
cutadapt-5.2-pilot-001,cutadapt__5.2__py313hd978853_2__linux-64,CLI-HELP-CONTENT-001,cli,PASS,CONTRACT,APPLICABLE,automated_with_manifest,2026-07-15T07:34:22.772227Z,0.423398083075881,pixi-lock:sha256:850402ead7c9fe63cc9afe168253782c814176304950b17ec93b680efb63ddd1,9fab92a0a163badb1948e8f013542c6061d047a54c1fc95079c348e20b6dda19,,"{""exit_codes"": [0], ""output_sha256"": {}, ""repeat_count"": 1, ""stdout_contains"": null, ""timeout_seconds"": 30}","{""exit_code"": 0, ""files_created"": [], ""interface_detail_detected"": true, ""required_text_detected"": true, ""resolved_package"": {""build"": ""py313hf513372_2"", ""name"": ""cutadapt"", ""subdir"": ""osx-arm64"", ""version"": ""5.2""}, ""timed_out"": false, ""traceback_detected"": false, ""usage_or_help_text_detected"": true}","{""name"": ""seebot"", ""version"": ""0.1.0""}","[""cutadapt"", ""--help""]","{""metadata"": ""evidence/cutadapt-5.2-pilot-001/cutadapt__5.2__py313hd978853_2__linux-64/CLI-HELP-CONTENT-001/metadata.json"", ""stderr"": ""evidence/cutadapt-5.2-pilot-001/cutadapt__5.2__py313hd978853_2__linux-64/CLI-HELP-CONTENT-001/stderr.txt"", ""stdout"": ""evidence/cutadapt-5.2-pilot-001/cutadapt__5.2__py313hd978853_2__linux-64/CLI-HELP-CONTENT-001/stdout.txt""}"
cutadapt-5.2-pilot-001,cutadapt__5.2__py313hd978853_2__linux-64,CLI-INVALID-001,cli,PASS,CONTRACT,APPLICABLE,automated_with_manifest,2026-07-15T07:34:23.696137Z,0.3892335419077426,pixi-lock:sha256:850402ead7c9fe63cc9afe168253782c814176304950b17ec93b680efb63ddd1,9fab92a0a163badb1948e8f013542c6061d047a54c1fc95079c348e20b6dda19,,"{""exit_codes"": [1, 2, 64], ""output_sha256"": {}, ""repeat_count"": 1, ""stdout_contains"": null, ""timeout_seconds"": 30}","{""exit_code"": 2, ""files_created"": [], ""resolved_package"": {""build"": ""py313hf513372_2"", ""name"": ""cutadapt"", ""subdir"": ""osx-arm64"", ""version"": ""5.2""}, ""timed_out"": false, ""traceback_detected"": false, ""usage_or_help_text_detected"": true}","{""name"": ""seebot"", ""version"": ""0.1.0""}","[""cutadapt"", ""--definitely-not-a-real-option""]","{""metadata"": ""evidence/cutadapt-5.2-pilot-001/cutadapt__5.2__py313hd978853_2__linux-64/CLI-INVALID-001/metadata.json"", ""stderr"": ""evidence/cutadapt-5.2-pilot-001/cutadapt__5.2__py313hd978853_2__linux-64/CLI-INVALID-001/stderr.txt"", ""stdout"": ""evidence/cutadapt-5.2-pilot-001/cutadapt__5.2__py313hd978853_2__linux-64/CLI-INVALID-001/stdout.txt""}"
cutadapt-5.2-pilot-001,cutadapt__5.2__py313hd978853_2__linux-64,CLI-NOARGS-001,cli,PASS,CONTRACT,APPLICABLE,automated_with_manifest,2026-07-15T07:34:21.808482Z,0.4070581670384854,pixi-lock:sha256:850402ead7c9fe63cc9afe168253782c814176304950b17ec93b680efb63ddd1,9fab92a0a163badb1948e8f013542c6061d047a54c1fc95079c348e20b6dda19,,"{""exit_codes"": [0, 1, 2, 64], ""output_sha256"": {}, ""repeat_count"": 1, ""stdout_contains"": null, ""timeout_seconds"": 30}","{""exit_code"": 2, ""files_created"": [], ""resolved_package"": {""build"": ""py313hf513372_2"", ""name"": ""cutadapt"", ""subdir"": ""osx-arm64"", ""version"": ""5.2""}, ""timed_out"": false, ""traceback_detected"": false, ""usage_or_help_text_detected"": true}","{""name"": ""seebot"", ""version"": ""0.1.0""}","[""cutadapt""]","{""metadata"": ""evidence/cutadapt-5.2-pilot-001/cutadapt__5.2__py313hd978853_2__linux-64/CLI-NOARGS-001/metadata.json"", ""stderr"": ""evidence/cutadapt-5.2-pilot-001/cutadapt__5.2__py313hd978853_2__linux-64/CLI-NOARGS-001/stderr.txt"", ""stdout"": ""evidence/cutadapt-5.2-pilot-001/cutadapt__5.2__py313hd978853_2__linux-64/CLI-NOARGS-001/stdout.txt""}"
cutadapt-5.2-pilot-001,cutadapt__5.2__py313hd978853_2__linux-64,CLI-REPEAT-001,robustness,PASS,CONTRACT,APPLICABLE,automated_with_manifest,2026-07-15T07:34:24.678772Z,0.7869668749626726,pixi-lock:sha256:850402ead7c9fe63cc9afe168253782c814176304950b17ec93b680efb63ddd1,9fab92a0a163badb1948e8f013542c6061d047a54c1fc95079c348e20b6dda19,,"{""exit_codes"": [0], ""output_sha256"": {}, ""repeat_count"": 2, ""stdout_contains"": null, ""timeout_seconds"": 30}","{""exit_code"": 0, ""files_created"": [], ""repeat_count"": 2, ""repeatable_exit_code"": true, ""repeatable_stderr"": true, ""repeatable_stdout"": true, ""resolved_package"": {""build"": ""py313hf513372_2"", ""name"": ""cutadapt"", ""subdir"": ""osx-arm64"", ""version"": ""5.2""}, ""timed_out"": false, ""traceback_detected"": false, ""usage_or_help_text_detected"": true}","{""name"": ""seebot"", ""version"": ""0.1.0""}","[""cutadapt"", ""--help""]","{""metadata"": ""evidence/cutadapt-5.2-pilot-001/cutadapt__5.2__py313hd978853_2__linux-64/CLI-REPEAT-001/metadata.json"", ""stderr"": ""evidence/cutadapt-5.2-pilot-001/cutadapt__5.2__py313hd978853_2__linux-64/CLI-REPEAT-001/stderr.txt"", ""stdout"": ""evidence/cutadapt-5.2-pilot-001/cutadapt__5.2__py313hd978853_2__linux-64/CLI-REPEAT-001/stdout.txt""}"
cutadapt-5.2-pilot-001,cutadapt__5.2__py313hd978853_2__linux-64,CLI-VERSION-001,cli,PASS,CONTRACT,APPLICABLE,automated_with_manifest,2026-07-15T07:34:23.294410Z,0.3183589158579707,pixi-lock:sha256:850402ead7c9fe63cc9afe168253782c814176304950b17ec93b680efb63ddd1,9fab92a0a163badb1948e8f013542c6061d047a54c1fc95079c348e20b6dda19,,"{""exit_codes"": [0], ""output_sha256"": {}, ""repeat_count"": 1, ""stdout_contains"": ""5.2"", ""timeout_seconds"": 30}","{""exit_code"": 0, ""files_created"": [], ""resolved_package"": {""build"": ""py313hf513372_2"", ""name"": ""cutadapt"", ""subdir"": ""osx-arm64"", ""version"": ""5.2""}, ""stdout_contains_expected"": true, ""timed_out"": false, ""traceback_detected"": false, ""usage_or_help_text_detected"": false}","{""name"": ""seebot"", ""version"": ""0.1.0""}","[""cutadapt"", ""--version""]","{""metadata"": ""evidence/cutadapt-5.2-pilot-001/cutadapt__5.2__py313hd978853_2__linux-64/CLI-VERSION-001/metadata.json"", ""stderr"": ""evidence/cutadapt-5.2-pilot-001/cutadapt__5.2__py313hd978853_2__linux-64/CLI-VERSION-001/stderr.txt"", ""stdout"": ""evidence/cutadapt-5.2-pilot-001/cutadapt__5.2__py313hd978853_2__linux-64/CLI-VERSION-001/stdout.txt""}"
cutadapt-5.2-pilot-001,cutadapt__5.2__py313hd978853_2__linux-64,PKG-IDENTITY-001,package,PASS,CONTRACT,APPLICABLE,automated_with_manifest,2026-07-14T20:17:03.731502Z,0.5140658330637962,pixi-lock:sha256:850402ead7c9fe63cc9afe168253782c814176304950b17ec93b680efb63ddd1,055599a78e434def9d99fd5904bd8f1c7ef558a1c61ce099f0721a11f57bf4c8,,"{""exit_codes"": [0], ""output_sha256"": {}, ""stdout_contains"": ""5.2"", ""timeout_seconds"": 30}","{""exit_code"": 0, ""resolved_package"": {""build"": ""py313hf513372_2"", ""name"": ""cutadapt"", ""subdir"": ""osx-arm64"", ""version"": ""5.2""}, ""stdout_contains_expected"": true, ""timed_out"": false}","{""name"": ""seebot"", ""version"": ""0.1.0""}","[""cutadapt"", ""--version""]","{""metadata"": ""evidence/cutadapt-5.2-pilot-001/cutadapt__5.2__py313hd978853_2__linux-64/PKG-IDENTITY-001/metadata.json"", ""stderr"": ""evidence/cutadapt-5.2-pilot-001/cutadapt__5.2__py313hd978853_2__linux-64/PKG-IDENTITY-001/stderr.txt"", ""stdout"": ""evidence/cutadapt-5.2-pilot-001/cutadapt__5.2__py313hd978853_2__linux-64/PKG-IDENTITY-001/stdout.txt""}"
cutadapt-5.2-pilot-001,cutadapt__5.2__py313hd978853_2__linux-64,PY-BANDIT-001,python,PASS,MEASUREMENT,APPLICABLE,automated,2026-07-14T20:17:23.217187Z,2.064025958068669,sha256:8269f9db9b46a1d858cdc95aa6ce29811d359ddd8cb7e626438a65bb9fef7000,6947f7f17fdba7ae7156aff5aca09c76aad22c4a5ab430551eec886eb169e864,,"{""measurement_only"": true}","{""indicator_count"": 39, ""indicators_by_confidence"": {""HIGH"": 39}, ""indicators_by_severity"": {""LOW"": 38, ""MEDIUM"": 1}, ""nonblank_noncomment_lines"": 6726, ""python_files"": 21, ""tool_exit_code"": 1}","{""name"": ""bandit"", ""version"": ""bandit 1.9.4""}","[""bandit"", ""-r"", ""-q"", ""-f"", ""json"", ""work/cutadapt__5.2__py313hd978853_2__linux-64/source/cutadapt-5.2/src/cutadapt""]","{""metadata"": ""evidence/cutadapt-5.2-pilot-001/cutadapt__5.2__py313hd978853_2__linux-64/PY-BANDIT-001/metadata.json"", ""stderr"": ""evidence/cutadapt-5.2-pilot-001/cutadapt__5.2__py313hd978853_2__linux-64/PY-BANDIT-001/stderr.txt"", ""stdout"": ""evidence/cutadapt-5.2-pilot-001/cutadapt__5.2__py313hd978853_2__linux-64/PY-BANDIT-001/stdout.txt""}"
cutadapt-5.2-pilot-001,cutadapt__5.2__py313hd978853_2__linux-64,PY-INTERROGATE-001,python,PASS,MEASUREMENT,APPLICABLE,automated,2026-07-14T20:17:20.350967Z,0.7422076670918614,sha256:8269f9db9b46a1d858cdc95aa6ce29811d359ddd8cb7e626438a65bb9fef7000,0434c60f7da1b365ca8e9856ae6d58b805a3d6a1aaebd56ea37005c65e777ba8,,"{""measurement_only"": true}","{""docstring_coverage_percent"": 36.3, ""nonblank_noncomment_lines"": 6726, ""python_files"": 21, ""tool_exit_code"": 0}","{""name"": ""interrogate"", ""version"": ""interrogate, version 1.7.0""}","[""interrogate"", ""-vv"", ""--no-color"", ""--fail-under"", ""0"", ""-c"", ""config/interrogate-standard.toml"", ""work/cutadapt__5.2__py313hd978853_2__linux-64/source/cutadapt-5.2/src/cutadapt""]","{""metadata"": ""evidence/cutadapt-5.2-pilot-001/cutadapt__5.2__py313hd978853_2__linux-64/PY-INTERROGATE-001/metadata.json"", ""stderr"": ""evidence/cutadapt-5.2-pilot-001/cutadapt__5.2__py313hd978853_2__linux-64/PY-INTERROGATE-001/stderr.txt"", ""stdout"": ""evidence/cutadapt-5.2-pilot-001/cutadapt__5.2__py313hd978853_2__linux-64/PY-INTERROGATE-001/stdout.txt""}"
cutadapt-5.2-pilot-001,cutadapt__5.2__py313hd978853_2__linux-64,PY-PYLINT-001,python,PASS,MEASUREMENT,APPLICABLE,automated,2026-07-14T20:17:06.032782Z,10.504919084021822,sha256:8269f9db9b46a1d858cdc95aa6ce29811d359ddd8cb7e626438a65bb9fef7000,5d11606d40ca302b981ecef25173728cf32229a3a8765fbfa2482e7f02dc3254,,"{""measurement_only"": true}","{""message_count"": 450, ""messages_by_category"": {""convention"": 214, ""error"": 5, ""refactor"": 132, ""warning"": 99}, ""messages_by_symbol"": {""attribute-defined-outside-init"": 1, ""broad-exception-caught"": 2, ""consider-iterating-dictionary"": 1, ""consider-using-f-string"": 8, ""dangerous-default-value"": 1, ""empty-docstring"": 1, ""exec-used"": 1, ""fixme"": 22, ""implicit-flag-alias"": 1, ""import-outside-toplevel"": 2, ""inconsistent-return-statements"": 1, ""invalid-name"": 9, ""line-too-long"": 11, ""method-hidden"": 1, ""missing-class-docstring"": 45, ""missing-function-docstring"": 114, ""missing-module-docstring"": 18, ""no-else-break"": 1, ""no-else-raise"": 5, ""no-else-return"": 25, ""not-an-iterable"": 3, ""protected-access"": 6, ""raise-missing-from"": 9, ""redefined-argument-from-local"": 2, ""redefined-outer-name"": 1, ""superfluous-parens"": 1, ""too-few-public-methods"": 21, ""too-many-arguments"": 13, ""too-many-branches"": 9, ""too-many-instance-attributes"": 8, ""too-many-lines"": 2, ""too-many-locals"": 8, ""too-many-nested-blocks"": 1, ""too-many-positional-arguments"": 13, ""too-many-return-statements"": 1, ""too-many-statements"": 4, ""unspecified-encoding"": 2, ""unsubscriptable-object"": 1, ""unused-argument"": 47, ""unused-variable"": 6, ""use-dict-literal"": 14, ""use-implicit-booleaness-not-comparison"": 1, ""use-yield-from"": 1, ""useless-import-alias"": 1, ""useless-return"": 5}, ""nonblank_noncomment_lines"": 6726, ""python_files"": 21, ""tool_exit_code"": 30}","{""name"": ""pylint"", ""version"": ""pylint 4.0.6""}","[""pylint"", ""--output-format=json"", ""--recursive=y"", ""--rcfile"", ""config/pylint-standard.toml"", ""work/cutadapt__5.2__py313hd978853_2__linux-64/source/cutadapt-5.2/src/cutadapt""]","{""metadata"": ""evidence/cutadapt-5.2-pilot-001/cutadapt__5.2__py313hd978853_2__linux-64/PY-PYLINT-001/metadata.json"", ""stderr"": ""evidence/cutadapt-5.2-pilot-001/cutadapt__5.2__py313hd978853_2__linux-64/PY-PYLINT-001/stderr.txt"", ""stdout"": ""evidence/cutadapt-5.2-pilot-001/cutadapt__5.2__py313hd978853_2__linux-64/PY-PYLINT-001/stdout.txt""}"
cutadapt-5.2-pilot-001,cutadapt__5.2__py313hd978853_2__linux-64,PY-RADON-001,python,PASS,MEASUREMENT,APPLICABLE,automated,2026-07-14T20:17:18.778356Z,1.0100901247933507,sha256:8269f9db9b46a1d858cdc95aa6ce29811d359ddd8cb7e626438a65bb9fef7000,6947f7f17fdba7ae7156aff5aca09c76aad22c4a5ab430551eec886eb169e864,,"{""measurement_only"": true}","{""block_count"": 616, ""blocks_by_grade"": {""A"": 545, ""B"": 49, ""C"": 19, ""D"": 1, ""F"": 2}, ""complexity_max"": 85, ""complexity_mean"": 2.909090909090909, ""nonblank_noncomment_lines"": 6726, ""python_files"": 21, ""tool_exit_code"": 0}","{""name"": ""radon"", ""version"": ""6.0.1""}","[""radon"", ""cc"", ""-j"", ""-s"", ""work/cutadapt__5.2__py313hd978853_2__linux-64/source/cutadapt-5.2/src/cutadapt""]","{""metadata"": ""evidence/cutadapt-5.2-pilot-001/cutadapt__5.2__py313hd978853_2__linux-64/PY-RADON-001/metadata.json"", ""stderr"": ""evidence/cutadapt-5.2-pilot-001/cutadapt__5.2__py313hd978853_2__linux-64/PY-RADON-001/stderr.txt"", ""stdout"": ""evidence/cutadapt-5.2-pilot-001/cutadapt__5.2__py313hd978853_2__linux-64/PY-RADON-001/stdout.txt""}"
cutadapt-5.2-pilot-001,cutadapt__5.2__py313hd978853_2__linux-64,PY-RUFF-001,python,PASS,MEASUREMENT,APPLICABLE,automated,2026-07-14T20:17:05.917932Z,0.033744333079084754,sha256:8269f9db9b46a1d858cdc95aa6ce29811d359ddd8cb7e626438a65bb9fef7000,59a64ea3b691004e3b4aaf2579aad9a88c1c5d0c40b37f325b0500d8cfa3f34c,,"{""measurement_only"": true}","{""finding_count"": 402, ""findings_by_code"": {""B006"": 1, ""B007"": 5, ""B020"": 1, ""B904"": 9, ""B905"": 3, ""C901"": 12, ""E501"": 8, ""I001"": 20, ""N806"": 4, ""N816"": 2, ""N818"": 3, ""UP006"": 157, ""UP007"": 3, ""UP028"": 1, ""UP032"": 8, ""UP035"": 46, ""UP045"": 119}, ""nonblank_noncomment_lines"": 6726, ""python_files"": 21, ""tool_exit_code"": 1}","{""name"": ""ruff"", ""version"": ""ruff 0.15.21""}","[""ruff"", ""check"", ""--output-format=json"", ""--config"", ""config/ruff-standard.toml"", ""work/cutadapt__5.2__py313hd978853_2__linux-64/source/cutadapt-5.2/src/cutadapt""]","{""metadata"": ""evidence/cutadapt-5.2-pilot-001/cutadapt__5.2__py313hd978853_2__linux-64/PY-RUFF-001/metadata.json"", ""stderr"": ""evidence/cutadapt-5.2-pilot-001/cutadapt__5.2__py313hd978853_2__linux-64/PY-RUFF-001/stderr.txt"", ""stdout"": ""evidence/cutadapt-5.2-pilot-001/cutadapt__5.2__py313hd978853_2__linux-64/PY-RUFF-001/stdout.txt""}"
cutadapt-5.2-pilot-001,cutadapt__5.2__py313hd978853_2__linux-64,PY-VULTURE-001,python,PASS,MEASUREMENT,APPLICABLE,automated,2026-07-14T20:17:21.921905Z,0.8651359998621047,sha256:8269f9db9b46a1d858cdc95aa6ce29811d359ddd8cb7e626438a65bb9fef7000,6947f7f17fdba7ae7156aff5aca09c76aad22c4a5ab430551eec886eb169e864,,"{""measurement_only"": true}","{""candidate_count"": 18, ""candidates_by_confidence"": {""60"": 18}, ""nonblank_noncomment_lines"": 6726, ""python_files"": 21, ""tool_exit_code"": 3}","{""name"": ""vulture"", ""version"": ""vulture 2.16""}","[""vulture"", ""--min-confidence"", ""60"", ""work/cutadapt__5.2__py313hd978853_2__linux-64/source/cutadapt-5.2/src/cutadapt""]","{""metadata"": ""evidence/cutadapt-5.2-pilot-001/cutadapt__5.2__py313hd978853_2__linux-64/PY-VULTURE-001/metadata.json"", ""stderr"": ""evidence/cutadapt-5.2-pilot-001/cutadapt__5.2__py313hd978853_2__linux-64/PY-VULTURE-001/stderr.txt"", ""stdout"": ""evidence/cutadapt-5.2-pilot-001/cutadapt__5.2__py313hd978853_2__linux-64/PY-VULTURE-001/stdout.txt""}"
cutadapt-5.2-pilot-001,cutadapt__5.2__py313hd978853_2__linux-64,RECIPE-TEST-DEPTH-001,recipe,PASS,MEASUREMENT,APPLICABLE,automated_with_manifest,2026-07-14T20:39:41.755706Z,0.009813166921958327,sha256:8269f9db9b46a1d858cdc95aa6ce29811d359ddd8cb7e626438a65bb9fef7000,055599a78e434def9d99fd5904bd8f1c7ef558a1c61ce099f0721a11f57bf4c8,"The recipe imports cutadapt and runs cutadapt --version; this is an installation test, not upstream functional validation.","{""measurement_only"": true}","{""asserts_output_content"": false, ""asserts_output_exists"": false, ""asserts_output_format"": false, ""depth"": 1, ""has_command_test"": true, ""has_help_test"": false, ""has_import_test"": true, ""has_version_test"": true, ""recipe_path"": ""recipes/cutadapt"", ""recipe_sha256"": ""eff5059271957a19ab6c79ebc5585587be8cb24967a0a50428ef104ef52cab73"", ""recipes_commit"": ""7674dbab3aaa145b356baeff810dc7d3c705f4c5"", ""runs_analysis"": false, ""source_text_suggestion"": {""depth"": 1, ""facts"": {""asserts_output_content"": false, ""asserts_output_exists"": false, ""asserts_output_format"": false, ""has_command_test"": true, ""has_help_test"": false, ""has_import_test"": true, ""has_version_test"": true, ""runs_analysis"": false, ""uses_test_data"": false}, ""method_limit"": ""high-confidence text signals only; not a rendered recipe"", ""mismatches"": {}, ""requires_review"": false}, ""uses_test_data"": false}","{""name"": ""seebot"", ""version"": ""0.1.0""}",null,"{""metadata"": ""evidence/cutadapt-5.2-pilot-001/cutadapt__5.2__py313hd978853_2__linux-64/RECIPE-TEST-DEPTH-001/metadata.json"", ""stderr"": ""evidence/cutadapt-5.2-pilot-001/cutadapt__5.2__py313hd978853_2__linux-64/RECIPE-TEST-DEPTH-001/stderr.txt"", ""stdout"": ""evidence/cutadapt-5.2-pilot-001/cutadapt__5.2__py313hd978853_2__linux-64/RECIPE-TEST-DEPTH-001/observation.json""}"
cutadapt-5.2-pilot-001,cutadapt__5.2__py313hd978853_2__linux-64,REPO-PRACTICES-001,repository,PASS,MEASUREMENT,APPLICABLE,automated_with_manifest,2026-07-15T04:37:09.197644Z,0.531483749859035,sha256:8269f9db9b46a1d858cdc95aa6ce29811d359ddd8cb7e626438a65bb9fef7000,6947f7f17fdba7ae7156aff5aca09c76aad22c4a5ab430551eec886eb169e864,,"{""measurement_only"": true}","{""changelog_present"": true, ""ci_workflow_count"": 2, ""ci_workflow_present"": true, ""citation_metadata_present"": true, ""code_of_conduct_present"": false, ""container_spec_present"": false, ""contribution_guide_present"": true, ""dependency_automation_present"": true, ""dependency_manifest_present"": true, ""documentation_path_present"": true, ""examples_present"": false, ""file_count"": 325, ""issue_templates_present"": true, ""language_file_counts"": {""c"": 1, ""python"": 50}, ""licence_file_present"": true, ""lockfile_present"": false, ""observed_commit"": ""50e9fb8d35b606196ae88d63252fc35674c0eda1"", ""readme_present"": true, ""release_automation_present"": false, ""repository_url"": ""https://github.com/marcelm/cutadapt"", ""source_file_count"": 51, ""test_config_present"": true, ""test_data_present"": true, ""test_file_count"": 260, ""test_path_present"": true, ""tree_truncated"": false}","{""name"": ""GitHub REST API"", ""version"": ""2022-11-28""}",null,"{""metadata"": ""evidence/cutadapt-5.2-pilot-001/cutadapt__5.2__py313hd978853_2__linux-64/REPO-PRACTICES-001/metadata.json"", ""stderr"": ""evidence/cutadapt-5.2-pilot-001/cutadapt__5.2__py313hd978853_2__linux-64/REPO-PRACTICES-001/stderr.txt"", ""stdout"": ""evidence/cutadapt-5.2-pilot-001/cutadapt__5.2__py313hd978853_2__linux-64/REPO-PRACTICES-001/stdout.json""}"
nanoplot-1.47.1-pilot-001,nanoplot__1.47.1__pyhdfd78af_0__noarch,CLI-ERROR-QUALITY-001,robustness,PASS,CONTRACT,APPLICABLE,automated_with_manifest,2026-07-15T07:34:50.641088Z,3.846313958056271,pixi-lock:sha256:ceb0b94c50c0882a4fd0143ce7fde25c7989fac67f029253d23cef4d6f58c774,9fab92a0a163badb1948e8f013542c6061d047a54c1fc95079c348e20b6dda19,,"{""exit_codes"": [1, 2, 64], ""output_sha256"": {}, ""repeat_count"": 1, ""stdout_contains"": null, ""timeout_seconds"": 120}","{""diagnostic_text_detected"": true, ""exit_code"": 2, ""files_created"": [], ""resolved_package"": {""build"": ""pyhdfd78af_0"", ""name"": ""nanoplot"", ""subdir"": ""noarch"", ""version"": ""1.47.1""}, ""timed_out"": false, ""traceback_detected"": false, ""usage_or_help_text_detected"": true}","{""name"": ""seebot"", ""version"": ""0.1.0""}","[""NanoPlot"", ""--definitely-not-a-real-option""]","{""metadata"": ""evidence/nanoplot-1.47.1-pilot-001/nanoplot__1.47.1__pyhdfd78af_0__noarch/CLI-ERROR-QUALITY-001/metadata.json"", ""stderr"": ""evidence/nanoplot-1.47.1-pilot-001/nanoplot__1.47.1__pyhdfd78af_0__noarch/CLI-ERROR-QUALITY-001/stderr.txt"", ""stdout"": ""evidence/nanoplot-1.47.1-pilot-001/nanoplot__1.47.1__pyhdfd78af_0__noarch/CLI-ERROR-QUALITY-001/stdout.txt""}"
nanoplot-1.47.1-pilot-001,nanoplot__1.47.1__pyhdfd78af_0__noarch,CLI-FUNCTIONAL-001,functional,PASS,CONTRACT,APPLICABLE,automated_with_manifest,2026-07-14T20:32:12.029153Z,18.72438666713424,pixi-lock:sha256:ceb0b94c50c0882a4fd0143ce7fde25c7989fac67f029253d23cef4d6f58c774,055599a78e434def9d99fd5904bd8f1c7ef558a1c61ce099f0721a11f57bf4c8,,"{""exit_codes"": [0], ""output_sha256"": {""nanoplot/NanoStats.txt"": ""76b36eb148920ff835893609e09311de68cab6c3cd332c221bdb6a956dff219c""}, ""stdout_contains"": null, ""timeout_seconds"": 120}","{""exit_code"": 0, ""output_sha256"": {""nanoplot/NanoStats.txt"": ""76b36eb148920ff835893609e09311de68cab6c3cd332c221bdb6a956dff219c""}, ""resolved_package"": {""build"": ""pyhdfd78af_0"", ""name"": ""nanoplot"", ""subdir"": ""noarch"", ""version"": ""1.47.1""}, ""timed_out"": false}","{""name"": ""seebot"", ""version"": ""0.1.0""}","[""NanoPlot"", ""--fastq"", ""/fixtures/reads.fastq"", ""--outdir"", ""/work/nanoplot""]","{""metadata"": ""evidence/nanoplot-1.47.1-pilot-001/nanoplot__1.47.1__pyhdfd78af_0__noarch/CLI-FUNCTIONAL-001/metadata.json"", ""stderr"": ""evidence/nanoplot-1.47.1-pilot-001/nanoplot__1.47.1__pyhdfd78af_0__noarch/CLI-FUNCTIONAL-001/stderr.txt"", ""stdout"": ""evidence/nanoplot-1.47.1-pilot-001/nanoplot__1.47.1__pyhdfd78af_0__noarch/CLI-FUNCTIONAL-001/stdout.txt""}"
nanoplot-1.47.1-pilot-001,nanoplot__1.47.1__pyhdfd78af_0__noarch,CLI-HELP-001,cli,PASS,CONTRACT,APPLICABLE,automated_with_manifest,2026-07-15T07:34:32.212162Z,4.935978916008025,pixi-lock:sha256:ceb0b94c50c0882a4fd0143ce7fde25c7989fac67f029253d23cef4d6f58c774,9fab92a0a163badb1948e8f013542c6061d047a54c1fc95079c348e20b6dda19,,"{""exit_codes"": [0], ""output_sha256"": {}, ""repeat_count"": 1, ""stdout_contains"": null, ""timeout_seconds"": 120}","{""exit_code"": 0, ""files_created"": [], ""resolved_package"": {""build"": ""pyhdfd78af_0"", ""name"": ""nanoplot"", ""subdir"": ""noarch"", ""version"": ""1.47.1""}, ""timed_out"": false, ""traceback_detected"": false, ""usage_or_help_text_detected"": true}","{""name"": ""seebot"", ""version"": ""0.1.0""}","[""NanoPlot"", ""--help""]","{""metadata"": ""evidence/nanoplot-1.47.1-pilot-001/nanoplot__1.47.1__pyhdfd78af_0__noarch/CLI-HELP-001/metadata.json"", ""stderr"": ""evidence/nanoplot-1.47.1-pilot-001/nanoplot__1.47.1__pyhdfd78af_0__noarch/CLI-HELP-001/stderr.txt"", ""stdout"": ""evidence/nanoplot-1.47.1-pilot-001/nanoplot__1.47.1__pyhdfd78af_0__noarch/CLI-HELP-001/stdout.txt""}"
nanoplot-1.47.1-pilot-001,nanoplot__1.47.1__pyhdfd78af_0__noarch,CLI-HELP-CONTENT-001,cli,PASS,CONTRACT,APPLICABLE,automated_with_manifest,2026-07-15T07:34:37.222406Z,5.2415095418691635,pixi-lock:sha256:ceb0b94c50c0882a4fd0143ce7fde25c7989fac67f029253d23cef4d6f58c774,9fab92a0a163badb1948e8f013542c6061d047a54c1fc95079c348e20b6dda19,,"{""exit_codes"": [0], ""output_sha256"": {}, ""repeat_count"": 1, ""stdout_contains"": null, ""timeout_seconds"": 120}","{""exit_code"": 0, ""files_created"": [], ""interface_detail_detected"": true, ""required_text_detected"": true, ""resolved_package"": {""build"": ""pyhdfd78af_0"", ""name"": ""nanoplot"", ""subdir"": ""noarch"", ""version"": ""1.47.1""}, ""timed_out"": false, ""traceback_detected"": false, ""usage_or_help_text_detected"": true}","{""name"": ""seebot"", ""version"": ""0.1.0""}","[""NanoPlot"", ""--help""]","{""metadata"": ""evidence/nanoplot-1.47.1-pilot-001/nanoplot__1.47.1__pyhdfd78af_0__noarch/CLI-HELP-CONTENT-001/metadata.json"", ""stderr"": ""evidence/nanoplot-1.47.1-pilot-001/nanoplot__1.47.1__pyhdfd78af_0__noarch/CLI-HELP-CONTENT-001/stderr.txt"", ""stdout"": ""evidence/nanoplot-1.47.1-pilot-001/nanoplot__1.47.1__pyhdfd78af_0__noarch/CLI-HELP-CONTENT-001/stdout.txt""}"
nanoplot-1.47.1-pilot-001,nanoplot__1.47.1__pyhdfd78af_0__noarch,CLI-INVALID-001,cli,PASS,CONTRACT,APPLICABLE,automated_with_manifest,2026-07-15T07:34:46.706571Z,3.8541033749934286,pixi-lock:sha256:ceb0b94c50c0882a4fd0143ce7fde25c7989fac67f029253d23cef4d6f58c774,9fab92a0a163badb1948e8f013542c6061d047a54c1fc95079c348e20b6dda19,,"{""exit_codes"": [1, 2, 64], ""output_sha256"": {}, ""repeat_count"": 1, ""stdout_contains"": null, ""timeout_seconds"": 120}","{""exit_code"": 2, ""files_created"": [], ""resolved_package"": {""build"": ""pyhdfd78af_0"", ""name"": ""nanoplot"", ""subdir"": ""noarch"", ""version"": ""1.47.1""}, ""timed_out"": false, ""traceback_detected"": false, ""usage_or_help_text_detected"": true}","{""name"": ""seebot"", ""version"": ""0.1.0""}","[""NanoPlot"", ""--definitely-not-a-real-option""]","{""metadata"": ""evidence/nanoplot-1.47.1-pilot-001/nanoplot__1.47.1__pyhdfd78af_0__noarch/CLI-INVALID-001/metadata.json"", ""stderr"": ""evidence/nanoplot-1.47.1-pilot-001/nanoplot__1.47.1__pyhdfd78af_0__noarch/CLI-INVALID-001/stderr.txt"", ""stdout"": ""evidence/nanoplot-1.47.1-pilot-001/nanoplot__1.47.1__pyhdfd78af_0__noarch/CLI-INVALID-001/stdout.txt""}"
nanoplot-1.47.1-pilot-001,nanoplot__1.47.1__pyhdfd78af_0__noarch,CLI-NOARGS-001,cli,PASS,CONTRACT,APPLICABLE,automated_with_manifest,2026-07-15T07:34:27.527628Z,4.599061999935657,pixi-lock:sha256:ceb0b94c50c0882a4fd0143ce7fde25c7989fac67f029253d23cef4d6f58c774,9fab92a0a163badb1948e8f013542c6061d047a54c1fc95079c348e20b6dda19,,"{""exit_codes"": [0, 1, 2, 64], ""output_sha256"": {}, ""repeat_count"": 1, ""stdout_contains"": null, ""timeout_seconds"": 120}","{""exit_code"": 2, ""files_created"": [], ""resolved_package"": {""build"": ""pyhdfd78af_0"", ""name"": ""nanoplot"", ""subdir"": ""noarch"", ""version"": ""1.47.1""}, ""timed_out"": false, ""traceback_detected"": false, ""usage_or_help_text_detected"": true}","{""name"": ""seebot"", ""version"": ""0.1.0""}","[""NanoPlot""]","{""metadata"": ""evidence/nanoplot-1.47.1-pilot-001/nanoplot__1.47.1__pyhdfd78af_0__noarch/CLI-NOARGS-001/metadata.json"", ""stderr"": ""evidence/nanoplot-1.47.1-pilot-001/nanoplot__1.47.1__pyhdfd78af_0__noarch/CLI-NOARGS-001/stderr.txt"", ""stdout"": ""evidence/nanoplot-1.47.1-pilot-001/nanoplot__1.47.1__pyhdfd78af_0__noarch/CLI-NOARGS-001/stdout.txt""}"
nanoplot-1.47.1-pilot-001,nanoplot__1.47.1__pyhdfd78af_0__noarch,CLI-REPEAT-001,robustness,PASS,CONTRACT,APPLICABLE,automated_with_manifest,2026-07-15T07:34:54.568905Z,8.703175249975175,pixi-lock:sha256:ceb0b94c50c0882a4fd0143ce7fde25c7989fac67f029253d23cef4d6f58c774,9fab92a0a163badb1948e8f013542c6061d047a54c1fc95079c348e20b6dda19,,"{""exit_codes"": [0], ""output_sha256"": {}, ""repeat_count"": 2, ""stdout_contains"": null, ""timeout_seconds"": 120}","{""exit_code"": 0, ""files_created"": [], ""repeat_count"": 2, ""repeatable_exit_code"": true, ""repeatable_stderr"": true, ""repeatable_stdout"": true, ""resolved_package"": {""build"": ""pyhdfd78af_0"", ""name"": ""nanoplot"", ""subdir"": ""noarch"", ""version"": ""1.47.1""}, ""timed_out"": false, ""traceback_detected"": false, ""usage_or_help_text_detected"": true}","{""name"": ""seebot"", ""version"": ""0.1.0""}","[""NanoPlot"", ""--help""]","{""metadata"": ""evidence/nanoplot-1.47.1-pilot-001/nanoplot__1.47.1__pyhdfd78af_0__noarch/CLI-REPEAT-001/metadata.json"", ""stderr"": ""evidence/nanoplot-1.47.1-pilot-001/nanoplot__1.47.1__pyhdfd78af_0__noarch/CLI-REPEAT-001/stderr.txt"", ""stdout"": ""evidence/nanoplot-1.47.1-pilot-001/nanoplot__1.47.1__pyhdfd78af_0__noarch/CLI-REPEAT-001/stdout.txt""}"
nanoplot-1.47.1-pilot-001,nanoplot__1.47.1__pyhdfd78af_0__noarch,CLI-VERSION-001,cli,PASS,CONTRACT,APPLICABLE,automated_with_manifest,2026-07-15T07:34:42.541188Z,4.085797457955778,pixi-lock:sha256:ceb0b94c50c0882a4fd0143ce7fde25c7989fac67f029253d23cef4d6f58c774,9fab92a0a163badb1948e8f013542c6061d047a54c1fc95079c348e20b6dda19,,"{""exit_codes"": [0], ""output_sha256"": {}, ""repeat_count"": 1, ""stdout_contains"": ""1.47.1"", ""timeout_seconds"": 120}","{""exit_code"": 0, ""files_created"": [], ""resolved_package"": {""build"": ""pyhdfd78af_0"", ""name"": ""nanoplot"", ""subdir"": ""noarch"", ""version"": ""1.47.1""}, ""stdout_contains_expected"": true, ""timed_out"": false, ""traceback_detected"": false, ""usage_or_help_text_detected"": false}","{""name"": ""seebot"", ""version"": ""0.1.0""}","[""NanoPlot"", ""--version""]","{""metadata"": ""evidence/nanoplot-1.47.1-pilot-001/nanoplot__1.47.1__pyhdfd78af_0__noarch/CLI-VERSION-001/metadata.json"", ""stderr"": ""evidence/nanoplot-1.47.1-pilot-001/nanoplot__1.47.1__pyhdfd78af_0__noarch/CLI-VERSION-001/stderr.txt"", ""stdout"": ""evidence/nanoplot-1.47.1-pilot-001/nanoplot__1.47.1__pyhdfd78af_0__noarch/CLI-VERSION-001/stdout.txt""}"
nanoplot-1.47.1-pilot-001,nanoplot__1.47.1__pyhdfd78af_0__noarch,PKG-IDENTITY-001,package,PASS,CONTRACT,APPLICABLE,automated_with_manifest,2026-07-14T20:32:02.856202Z,2.1421067910268903,pixi-lock:sha256:ceb0b94c50c0882a4fd0143ce7fde25c7989fac67f029253d23cef4d6f58c774,055599a78e434def9d99fd5904bd8f1c7ef558a1c61ce099f0721a11f57bf4c8,,"{""exit_codes"": [0], ""output_sha256"": {}, ""stdout_contains"": ""1.47.1"", ""timeout_seconds"": 120}","{""exit_code"": 0, ""resolved_package"": {""build"": ""pyhdfd78af_0"", ""name"": ""nanoplot"", ""subdir"": ""noarch"", ""version"": ""1.47.1""}, ""stdout_contains_expected"": true, ""timed_out"": false}","{""name"": ""seebot"", ""version"": ""0.1.0""}","[""NanoPlot"", ""--version""]","{""metadata"": ""evidence/nanoplot-1.47.1-pilot-001/nanoplot__1.47.1__pyhdfd78af_0__noarch/PKG-IDENTITY-001/metadata.json"", ""stderr"": ""evidence/nanoplot-1.47.1-pilot-001/nanoplot__1.47.1__pyhdfd78af_0__noarch/PKG-IDENTITY-001/stderr.txt"", ""stdout"": ""evidence/nanoplot-1.47.1-pilot-001/nanoplot__1.47.1__pyhdfd78af_0__noarch/PKG-IDENTITY-001/stdout.txt""}"
nanoplot-1.47.1-pilot-001,nanoplot__1.47.1__pyhdfd78af_0__noarch,PY-BANDIT-001,python,PASS,MEASUREMENT,APPLICABLE,automated,2026-07-14T20:32:37.018924Z,0.7471814579330385,sha256:8269f9db9b46a1d858cdc95aa6ce29811d359ddd8cb7e626438a65bb9fef7000,6947f7f17fdba7ae7156aff5aca09c76aad22c4a5ab430551eec886eb169e864,,"{""measurement_only"": true}","{""indicator_count"": 4, ""indicators_by_confidence"": {""HIGH"": 4}, ""indicators_by_severity"": {""LOW"": 2, ""MEDIUM"": 2}, ""nonblank_noncomment_lines"": 2376, ""python_files"": 14, ""tool_exit_code"": 1}","{""name"": ""bandit"", ""version"": ""bandit 1.9.4""}","[""bandit"", ""-r"", ""-q"", ""-f"", ""json"", ""work/nanoplot__1.47.1__pyhdfd78af_0__noarch/source/nanoplot-1.47.1/nanoplot"", ""work/nanoplot__1.47.1__pyhdfd78af_0__noarch/source/nanoplot-1.47.1/nanoplotter"", ""work/nanoplot__1.47.1__pyhdfd78af_0__noarch/source/nanoplot-1.47.1/nanomath""]","{""metadata"": ""evidence/nanoplot-1.47.1-pilot-001/nanoplot__1.47.1__pyhdfd78af_0__noarch/PY-BANDIT-001/metadata.json"", ""stderr"": ""evidence/nanoplot-1.47.1-pilot-001/nanoplot__1.47.1__pyhdfd78af_0__noarch/PY-BANDIT-001/stderr.txt"", ""stdout"": ""evidence/nanoplot-1.47.1-pilot-001/nanoplot__1.47.1__pyhdfd78af_0__noarch/PY-BANDIT-001/stdout.txt""}"
nanoplot-1.47.1-pilot-001,nanoplot__1.47.1__pyhdfd78af_0__noarch,PY-INTERROGATE-001,python,PASS,MEASUREMENT,APPLICABLE,automated,2026-07-14T20:32:35.157550Z,0.34780770796351135,sha256:8269f9db9b46a1d858cdc95aa6ce29811d359ddd8cb7e626438a65bb9fef7000,0434c60f7da1b365ca8e9856ae6d58b805a3d6a1aaebd56ea37005c65e777ba8,,"{""measurement_only"": true}","{""docstring_coverage_percent"": 39.4, ""nonblank_noncomment_lines"": 2376, ""python_files"": 14, ""tool_exit_code"": 0}","{""name"": ""interrogate"", ""version"": ""interrogate, version 1.7.0""}","[""interrogate"", ""-vv"", ""--no-color"", ""--fail-under"", ""0"", ""-c"", ""config/interrogate-standard.toml"", ""work/nanoplot__1.47.1__pyhdfd78af_0__noarch/source/nanoplot-1.47.1/nanoplot"", ""work/nanoplot__1.47.1__pyhdfd78af_0__noarch/source/nanoplot-1.47.1/nanoplotter"", ""work/nanoplot__1.47.1__pyhdfd78af_0__noarch/source/nanoplot-1.47.1/nanomath""]","{""metadata"": ""evidence/nanoplot-1.47.1-pilot-001/nanoplot__1.47.1__pyhdfd78af_0__noarch/PY-INTERROGATE-001/metadata.json"", ""stderr"": ""evidence/nanoplot-1.47.1-pilot-001/nanoplot__1.47.1__pyhdfd78af_0__noarch/PY-INTERROGATE-001/stderr.txt"", ""stdout"": ""evidence/nanoplot-1.47.1-pilot-001/nanoplot__1.47.1__pyhdfd78af_0__noarch/PY-INTERROGATE-001/stdout.txt""}"
nanoplot-1.47.1-pilot-001,nanoplot__1.47.1__pyhdfd78af_0__noarch,PY-PYLINT-001,python,PASS,MEASUREMENT,APPLICABLE,automated,2026-07-14T20:32:30.953454Z,2.592566000064835,sha256:8269f9db9b46a1d858cdc95aa6ce29811d359ddd8cb7e626438a65bb9fef7000,5d11606d40ca302b981ecef25173728cf32229a3a8765fbfa2482e7f02dc3254,,"{""measurement_only"": true}","{""message_count"": 299, ""messages_by_category"": {""convention"": 157, ""error"": 9, ""refactor"": 84, ""warning"": 49}, ""messages_by_symbol"": {""attribute-defined-outside-init"": 3, ""broad-exception-caught"": 6, ""consider-iterating-dictionary"": 1, ""consider-using-f-string"": 35, ""consider-using-from-import"": 4, ""consider-using-generator"": 5, ""consider-using-with"": 7, ""dangerous-default-value"": 1, ""import-outside-toplevel"": 19, ""inconsistent-return-statements"": 2, ""invalid-name"": 18, ""line-too-long"": 11, ""logging-format-interpolation"": 13, ""logging-fstring-interpolation"": 13, ""missing-class-docstring"": 6, ""missing-final-newline"": 1, ""missing-function-docstring"": 37, ""missing-module-docstring"": 11, ""nested-min-max"": 1, ""no-else-return"": 12, ""no-value-for-parameter"": 9, ""protected-access"": 1, ""redefined-builtin"": 2, ""redefined-outer-name"": 2, ""super-with-arguments"": 2, ""too-few-public-methods"": 2, ""too-many-arguments"": 10, ""too-many-branches"": 4, ""too-many-instance-attributes"": 1, ""too-many-locals"": 3, ""too-many-positional-arguments"": 10, ""too-many-statements"": 5, ""trailing-whitespace"": 2, ""ungrouped-imports"": 2, ""unnecessary-lambda-assignment"": 1, ""unspecified-encoding"": 5, ""unused-variable"": 1, ""use-a-generator"": 1, ""use-dict-literal"": 12, ""useless-else-on-loop"": 1, ""useless-object-inheritance"": 4, ""wrong-import-order"": 13}, ""nonblank_noncomment_lines"": 2376, ""python_files"": 14, ""tool_exit_code"": 30}","{""name"": ""pylint"", ""version"": ""pylint 4.0.6""}","[""pylint"", ""--output-format=json"", ""--recursive=y"", ""--rcfile"", ""config/pylint-standard.toml"", ""work/nanoplot__1.47.1__pyhdfd78af_0__noarch/source/nanoplot-1.47.1/nanoplot"", ""work/nanoplot__1.47.1__pyhdfd78af_0__noarch/source/nanoplot-1.47.1/nanoplotter"", ""work/nanoplot__1.47.1__pyhdfd78af_0__noarch/source/nanoplot-1.47.1/nanomath""]","{""metadata"": ""evidence/nanoplot-1.47.1-pilot-001/nanoplot__1.47.1__pyhdfd78af_0__noarch/PY-PYLINT-001/metadata.json"", ""stderr"": ""evidence/nanoplot-1.47.1-pilot-001/nanoplot__1.47.1__pyhdfd78af_0__noarch/PY-PYLINT-001/stderr.txt"", ""stdout"": ""evidence/nanoplot-1.47.1-pilot-001/nanoplot__1.47.1__pyhdfd78af_0__noarch/PY-PYLINT-001/stdout.txt""}"
nanoplot-1.47.1-pilot-001,nanoplot__1.47.1__pyhdfd78af_0__noarch,PY-RADON-001,python,PASS,MEASUREMENT,APPLICABLE,automated,2026-07-14T20:32:34.458435Z,0.24414358311332762,sha256:8269f9db9b46a1d858cdc95aa6ce29811d359ddd8cb7e626438a65bb9fef7000,6947f7f17fdba7ae7156aff5aca09c76aad22c4a5ab430551eec886eb169e864,,"{""measurement_only"": true}","{""block_count"": 88, ""blocks_by_grade"": {""A"": 73, ""B"": 7, ""C"": 6, ""D"": 2}, ""complexity_max"": 28, ""complexity_mean"": 4.079545454545454, ""nonblank_noncomment_lines"": 2376, ""python_files"": 14, ""tool_exit_code"": 0}","{""name"": ""radon"", ""version"": ""6.0.1""}","[""radon"", ""cc"", ""-j"", ""-s"", ""work/nanoplot__1.47.1__pyhdfd78af_0__noarch/source/nanoplot-1.47.1/nanoplot"", ""work/nanoplot__1.47.1__pyhdfd78af_0__noarch/source/nanoplot-1.47.1/nanoplotter"", ""work/nanoplot__1.47.1__pyhdfd78af_0__noarch/source/nanoplot-1.47.1/nanomath""]","{""metadata"": ""evidence/nanoplot-1.47.1-pilot-001/nanoplot__1.47.1__pyhdfd78af_0__noarch/PY-RADON-001/metadata.json"", ""stderr"": ""evidence/nanoplot-1.47.1-pilot-001/nanoplot__1.47.1__pyhdfd78af_0__noarch/PY-RADON-001/stderr.txt"", ""stdout"": ""evidence/nanoplot-1.47.1-pilot-001/nanoplot__1.47.1__pyhdfd78af_0__noarch/PY-RADON-001/stdout.txt""}"
nanoplot-1.47.1-pilot-001,nanoplot__1.47.1__pyhdfd78af_0__noarch,PY-RUFF-001,python,PASS,MEASUREMENT,APPLICABLE,automated,2026-07-14T20:32:30.847881Z,0.03035175008699298,sha256:8269f9db9b46a1d858cdc95aa6ce29811d359ddd8cb7e626438a65bb9fef7000,59a64ea3b691004e3b4aaf2579aad9a88c1c5d0c40b37f325b0500d8cfa3f34c,,"{""measurement_only"": true}","{""finding_count"": 93, ""findings_by_code"": {""B006"": 1, ""B008"": 1, ""B905"": 4, ""C901"": 4, ""E501"": 17, ""E731"": 1, ""F401"": 1, ""F403"": 2, ""I001"": 13, ""N801"": 2, ""N802"": 1, ""N806"": 11, ""N999"": 1, ""UP004"": 4, ""UP008"": 2, ""UP015"": 1, ""UP024"": 1, ""UP030"": 2, ""UP032"": 24}, ""nonblank_noncomment_lines"": 2376, ""python_files"": 14, ""tool_exit_code"": 1}","{""name"": ""ruff"", ""version"": ""ruff 0.15.21""}","[""ruff"", ""check"", ""--output-format=json"", ""--config"", ""config/ruff-standard.toml"", ""work/nanoplot__1.47.1__pyhdfd78af_0__noarch/source/nanoplot-1.47.1/nanoplot"", ""work/nanoplot__1.47.1__pyhdfd78af_0__noarch/source/nanoplot-1.47.1/nanoplotter"", ""work/nanoplot__1.47.1__pyhdfd78af_0__noarch/source/nanoplot-1.47.1/nanomath""]","{""metadata"": ""evidence/nanoplot-1.47.1-pilot-001/nanoplot__1.47.1__pyhdfd78af_0__noarch/PY-RUFF-001/metadata.json"", ""stderr"": ""evidence/nanoplot-1.47.1-pilot-001/nanoplot__1.47.1__pyhdfd78af_0__noarch/PY-RUFF-001/stderr.txt"", ""stdout"": ""evidence/nanoplot-1.47.1-pilot-001/nanoplot__1.47.1__pyhdfd78af_0__noarch/PY-RUFF-001/stdout.txt""}"
nanoplot-1.47.1-pilot-001,nanoplot__1.47.1__pyhdfd78af_0__noarch,PY-VULTURE-001,python,PASS,MEASUREMENT,APPLICABLE,automated,2026-07-14T20:32:36.271937Z,0.289102999959141,sha256:8269f9db9b46a1d858cdc95aa6ce29811d359ddd8cb7e626438a65bb9fef7000,6947f7f17fdba7ae7156aff5aca09c76aad22c4a5ab430551eec886eb169e864,,"{""measurement_only"": true}","{""candidate_count"": 20, ""candidates_by_confidence"": {""100"": 6, ""60"": 14}, ""nonblank_noncomment_lines"": 2376, ""python_files"": 14, ""tool_exit_code"": 3}","{""name"": ""vulture"", ""version"": ""vulture 2.16""}","[""vulture"", ""--min-confidence"", ""60"", ""work/nanoplot__1.47.1__pyhdfd78af_0__noarch/source/nanoplot-1.47.1/nanoplot"", ""work/nanoplot__1.47.1__pyhdfd78af_0__noarch/source/nanoplot-1.47.1/nanoplotter"", ""work/nanoplot__1.47.1__pyhdfd78af_0__noarch/source/nanoplot-1.47.1/nanomath""]","{""metadata"": ""evidence/nanoplot-1.47.1-pilot-001/nanoplot__1.47.1__pyhdfd78af_0__noarch/PY-VULTURE-001/metadata.json"", ""stderr"": ""evidence/nanoplot-1.47.1-pilot-001/nanoplot__1.47.1__pyhdfd78af_0__noarch/PY-VULTURE-001/stderr.txt"", ""stdout"": ""evidence/nanoplot-1.47.1-pilot-001/nanoplot__1.47.1__pyhdfd78af_0__noarch/PY-VULTURE-001/stdout.txt""}"
nanoplot-1.47.1-pilot-001,nanoplot__1.47.1__pyhdfd78af_0__noarch,RECIPE-TEST-DEPTH-001,recipe,PASS,MEASUREMENT,APPLICABLE,automated_with_manifest,2026-07-14T20:39:43.208832Z,0.004817125154659152,sha256:8269f9db9b46a1d858cdc95aa6ce29811d359ddd8cb7e626438a65bb9fef7000,055599a78e434def9d99fd5904bd8f1c7ef558a1c61ce099f0721a11f57bf4c8,The recipe imports nanoplot and runs NanoPlot --help.,"{""measurement_only"": true}","{""asserts_output_content"": false, ""asserts_output_exists"": false, ""asserts_output_format"": false, ""depth"": 1, ""has_command_test"": true, ""has_help_test"": true, ""has_import_test"": true, ""has_version_test"": false, ""recipe_path"": ""recipes/nanoplot"", ""recipe_sha256"": ""fa10dfced7dea45c6a595b8c9cbc3fa26e5dd3b17e04770a57eb81251883d6de"", ""recipes_commit"": ""7674dbab3aaa145b356baeff810dc7d3c705f4c5"", ""runs_analysis"": false, ""source_text_suggestion"": {""depth"": 1, ""facts"": {""asserts_output_content"": false, ""asserts_output_exists"": false, ""asserts_output_format"": false, ""has_command_test"": true, ""has_help_test"": true, ""has_import_test"": true, ""has_version_test"": false, ""runs_analysis"": false, ""uses_test_data"": false}, ""method_limit"": ""high-confidence text signals only; not a rendered recipe"", ""mismatches"": {}, ""requires_review"": false}, ""uses_test_data"": false}","{""name"": ""seebot"", ""version"": ""0.1.0""}",null,"{""metadata"": ""evidence/nanoplot-1.47.1-pilot-001/nanoplot__1.47.1__pyhdfd78af_0__noarch/RECIPE-TEST-DEPTH-001/metadata.json"", ""stderr"": ""evidence/nanoplot-1.47.1-pilot-001/nanoplot__1.47.1__pyhdfd78af_0__noarch/RECIPE-TEST-DEPTH-001/stderr.txt"", ""stdout"": ""evidence/nanoplot-1.47.1-pilot-001/nanoplot__1.47.1__pyhdfd78af_0__noarch/RECIPE-TEST-DEPTH-001/observation.json""}"
nanoplot-1.47.1-pilot-001,nanoplot__1.47.1__pyhdfd78af_0__noarch,REPO-PRACTICES-001,repository,PASS,MEASUREMENT,APPLICABLE,automated_with_manifest,2026-07-14T20:32:38.495924Z,0.3097782500553876,sha256:8269f9db9b46a1d858cdc95aa6ce29811d359ddd8cb7e626438a65bb9fef7000,6947f7f17fdba7ae7156aff5aca09c76aad22c4a5ab430551eec886eb169e864,,"{""measurement_only"": true}","{""ci_workflow_present"": true, ""citation_metadata_present"": false, ""contribution_guide_present"": false, ""documentation_path_present"": false, ""file_count"": 62, ""licence_file_present"": true, ""observed_commit"": ""ab1c3124b42d6f02e5c5f458d39381682ffa1869"", ""repository_url"": ""https://github.com/wdecoster/NanoPlot"", ""test_path_present"": false, ""tree_truncated"": false}","{""name"": ""GitHub REST API"", ""version"": ""2022-11-28""}",null,"{""metadata"": ""evidence/nanoplot-1.47.1-pilot-001/nanoplot__1.47.1__pyhdfd78af_0__noarch/REPO-PRACTICES-001/metadata.json"", ""stderr"": ""evidence/nanoplot-1.47.1-pilot-001/nanoplot__1.47.1__pyhdfd78af_0__noarch/REPO-PRACTICES-001/stderr.txt"", ""stdout"": ""evidence/nanoplot-1.47.1-pilot-001/nanoplot__1.47.1__pyhdfd78af_0__noarch/REPO-PRACTICES-001/stdout.json""}"
rasusa-4.1.0-pilot-001,rasusa__4.1.0__hfa8f182_0__linux-64,CLI-ERROR-QUALITY-001,robustness,PASS,CONTRACT,APPLICABLE,automated_with_manifest,2026-07-15T10:37:06.360723Z,0.03896749997511506,pixi-lock:sha256:c8055e1b64e8a07b9a6adb3432fc8fc1d5a799ef49ca5086285345e438661653,9fab92a0a163badb1948e8f013542c6061d047a54c1fc95079c348e20b6dda19,,"{""exit_codes"": [1, 2, 64], ""output_sha256"": {}, ""repeat_count"": 1, ""stdout_contains"": null, ""timeout_seconds"": 60}","{""diagnostic_text_detected"": true, ""exit_code"": 2, ""files_created"": [], ""resolved_package"": {""build"": ""hfc06a8d_0"", ""name"": ""rasusa"", ""subdir"": ""osx-arm64"", ""version"": ""4.1.0""}, ""timed_out"": false, ""traceback_detected"": false, ""usage_or_help_text_detected"": true}","{""name"": ""seebot"", ""version"": ""0.1.0""}","[""rasusa"", ""--definitely-not-a-real-option""]","{""metadata"": ""evidence/rasusa-4.1.0-pilot-001/rasusa__4.1.0__hfa8f182_0__linux-64/CLI-ERROR-QUALITY-001/metadata.json"", ""stderr"": ""evidence/rasusa-4.1.0-pilot-001/rasusa__4.1.0__hfa8f182_0__linux-64/CLI-ERROR-QUALITY-001/stderr.txt"", ""stdout"": ""evidence/rasusa-4.1.0-pilot-001/rasusa__4.1.0__hfa8f182_0__linux-64/CLI-ERROR-QUALITY-001/stdout.txt""}"
rasusa-4.1.0-pilot-001,rasusa__4.1.0__hfa8f182_0__linux-64,CLI-FUNCTIONAL-001,functional,PASS,CONTRACT,APPLICABLE,automated_with_manifest,2026-07-15T10:43:33.303142Z,0.0750702079385519,pixi-lock:sha256:c8055e1b64e8a07b9a6adb3432fc8fc1d5a799ef49ca5086285345e438661653,9fab92a0a163badb1948e8f013542c6061d047a54c1fc95079c348e20b6dda19,,"{""exit_codes"": [0], ""output_sha256"": {""subsample.fastq"": ""ae5b319748fbc2a37dcdd1b5bd4525d688661f175f9db4ba2bd1065f8fd78b1d""}, ""repeat_count"": 1, ""stdout_contains"": null, ""timeout_seconds"": 60}","{""exit_code"": 0, ""files_created"": [""subsample.fastq""], ""output_sha256"": {""subsample.fastq"": ""ae5b319748fbc2a37dcdd1b5bd4525d688661f175f9db4ba2bd1065f8fd78b1d""}, ""resolved_package"": {""build"": ""hfc06a8d_0"", ""name"": ""rasusa"", ""subdir"": ""osx-arm64"", ""version"": ""4.1.0""}, ""timed_out"": false, ""traceback_detected"": false, ""usage_or_help_text_detected"": false}","{""name"": ""seebot"", ""version"": ""0.1.0""}","[""rasusa"", ""reads"", ""--num"", ""3"", ""--seed"", ""42"", ""--output"", ""/work/subsample.fastq"", ""/fixtures/input.fastq""]","{""metadata"": ""evidence/rasusa-4.1.0-pilot-001/rasusa__4.1.0__hfa8f182_0__linux-64/CLI-FUNCTIONAL-001/metadata.json"", ""stderr"": ""evidence/rasusa-4.1.0-pilot-001/rasusa__4.1.0__hfa8f182_0__linux-64/CLI-FUNCTIONAL-001/stderr.txt"", ""stdout"": ""evidence/rasusa-4.1.0-pilot-001/rasusa__4.1.0__hfa8f182_0__linux-64/CLI-FUNCTIONAL-001/stdout.txt""}"
rasusa-4.1.0-pilot-001,rasusa__4.1.0__hfa8f182_0__linux-64,CLI-HELP-001,cli,PASS,CONTRACT,APPLICABLE,automated_with_manifest,2026-07-15T10:37:05.887714Z,0.04680725000798702,pixi-lock:sha256:c8055e1b64e8a07b9a6adb3432fc8fc1d5a799ef49ca5086285345e438661653,9fab92a0a163badb1948e8f013542c6061d047a54c1fc95079c348e20b6dda19,,"{""exit_codes"": [0], ""output_sha256"": {}, ""repeat_count"": 1, ""stdout_contains"": null, ""timeout_seconds"": 60}","{""exit_code"": 0, ""files_created"": [], ""resolved_package"": {""build"": ""hfc06a8d_0"", ""name"": ""rasusa"", ""subdir"": ""osx-arm64"", ""version"": ""4.1.0""}, ""timed_out"": false, ""traceback_detected"": false, ""usage_or_help_text_detected"": true}","{""name"": ""seebot"", ""version"": ""0.1.0""}","[""rasusa"", ""--help""]","{""metadata"": ""evidence/rasusa-4.1.0-pilot-001/rasusa__4.1.0__hfa8f182_0__linux-64/CLI-HELP-001/metadata.json"", ""stderr"": ""evidence/rasusa-4.1.0-pilot-001/rasusa__4.1.0__hfa8f182_0__linux-64/CLI-HELP-001/stderr.txt"", ""stdout"": ""evidence/rasusa-4.1.0-pilot-001/rasusa__4.1.0__hfa8f182_0__linux-64/CLI-HELP-001/stdout.txt""}"
rasusa-4.1.0-pilot-001,rasusa__4.1.0__hfa8f182_0__linux-64,CLI-HELP-CONTENT-001,cli,PASS,CONTRACT,APPLICABLE,automated_with_manifest,2026-07-15T10:37:06.022130Z,0.04891699994914234,pixi-lock:sha256:c8055e1b64e8a07b9a6adb3432fc8fc1d5a799ef49ca5086285345e438661653,9fab92a0a163badb1948e8f013542c6061d047a54c1fc95079c348e20b6dda19,,"{""exit_codes"": [0], ""output_sha256"": {}, ""repeat_count"": 1, ""stdout_contains"": null, ""timeout_seconds"": 60}","{""exit_code"": 0, ""files_created"": [], ""interface_detail_detected"": true, ""required_text_detected"": true, ""resolved_package"": {""build"": ""hfc06a8d_0"", ""name"": ""rasusa"", ""subdir"": ""osx-arm64"", ""version"": ""4.1.0""}, ""timed_out"": false, ""traceback_detected"": false, ""usage_or_help_text_detected"": true}","{""name"": ""seebot"", ""version"": ""0.1.0""}","[""rasusa"", ""--help""]","{""metadata"": ""evidence/rasusa-4.1.0-pilot-001/rasusa__4.1.0__hfa8f182_0__linux-64/CLI-HELP-CONTENT-001/metadata.json"", ""stderr"": ""evidence/rasusa-4.1.0-pilot-001/rasusa__4.1.0__hfa8f182_0__linux-64/CLI-HELP-CONTENT-001/stderr.txt"", ""stdout"": ""evidence/rasusa-4.1.0-pilot-001/rasusa__4.1.0__hfa8f182_0__linux-64/CLI-HELP-CONTENT-001/stdout.txt""}"
rasusa-4.1.0-pilot-001,rasusa__4.1.0__hfa8f182_0__linux-64,CLI-INVALID-001,cli,PASS,CONTRACT,APPLICABLE,automated_with_manifest,2026-07-15T10:37:06.265232Z,0.04369874997064471,pixi-lock:sha256:c8055e1b64e8a07b9a6adb3432fc8fc1d5a799ef49ca5086285345e438661653,9fab92a0a163badb1948e8f013542c6061d047a54c1fc95079c348e20b6dda19,,"{""exit_codes"": [1, 2, 64], ""output_sha256"": {}, ""repeat_count"": 1, ""stdout_contains"": null, ""timeout_seconds"": 60}","{""exit_code"": 2, ""files_created"": [], ""resolved_package"": {""build"": ""hfc06a8d_0"", ""name"": ""rasusa"", ""subdir"": ""osx-arm64"", ""version"": ""4.1.0""}, ""timed_out"": false, ""traceback_detected"": false, ""usage_or_help_text_detected"": true}","{""name"": ""seebot"", ""version"": ""0.1.0""}","[""rasusa"", ""--definitely-not-a-real-option""]","{""metadata"": ""evidence/rasusa-4.1.0-pilot-001/rasusa__4.1.0__hfa8f182_0__linux-64/CLI-INVALID-001/metadata.json"", ""stderr"": ""evidence/rasusa-4.1.0-pilot-001/rasusa__4.1.0__hfa8f182_0__linux-64/CLI-INVALID-001/stderr.txt"", ""stdout"": ""evidence/rasusa-4.1.0-pilot-001/rasusa__4.1.0__hfa8f182_0__linux-64/CLI-INVALID-001/stdout.txt""}"
rasusa-4.1.0-pilot-001,rasusa__4.1.0__hfa8f182_0__linux-64,CLI-NOARGS-001,cli,PASS,CONTRACT,APPLICABLE,automated_with_manifest,2026-07-15T10:37:05.494712Z,0.30034562502987683,pixi-lock:sha256:c8055e1b64e8a07b9a6adb3432fc8fc1d5a799ef49ca5086285345e438661653,9fab92a0a163badb1948e8f013542c6061d047a54c1fc95079c348e20b6dda19,,"{""exit_codes"": [0, 1, 2, 64], ""output_sha256"": {}, ""repeat_count"": 1, ""stdout_contains"": null, ""timeout_seconds"": 60}","{""exit_code"": 2, ""files_created"": [], ""resolved_package"": {""build"": ""hfc06a8d_0"", ""name"": ""rasusa"", ""subdir"": ""osx-arm64"", ""version"": ""4.1.0""}, ""timed_out"": false, ""traceback_detected"": false, ""usage_or_help_text_detected"": true}","{""name"": ""seebot"", ""version"": ""0.1.0""}","[""rasusa""]","{""metadata"": ""evidence/rasusa-4.1.0-pilot-001/rasusa__4.1.0__hfa8f182_0__linux-64/CLI-NOARGS-001/metadata.json"", ""stderr"": ""evidence/rasusa-4.1.0-pilot-001/rasusa__4.1.0__hfa8f182_0__linux-64/CLI-NOARGS-001/stderr.txt"", ""stdout"": ""evidence/rasusa-4.1.0-pilot-001/rasusa__4.1.0__hfa8f182_0__linux-64/CLI-NOARGS-001/stdout.txt""}"
rasusa-4.1.0-pilot-001,rasusa__4.1.0__hfa8f182_0__linux-64,CLI-REPEAT-001,robustness,PASS,CONTRACT,APPLICABLE,automated_with_manifest,2026-07-15T10:37:06.450927Z,0.08221187512390316,pixi-lock:sha256:c8055e1b64e8a07b9a6adb3432fc8fc1d5a799ef49ca5086285345e438661653,9fab92a0a163badb1948e8f013542c6061d047a54c1fc95079c348e20b6dda19,,"{""exit_codes"": [0], ""output_sha256"": {}, ""repeat_count"": 2, ""stdout_contains"": null, ""timeout_seconds"": 60}","{""exit_code"": 0, ""files_created"": [], ""repeat_count"": 2, ""repeatable_exit_code"": true, ""repeatable_stderr"": true, ""repeatable_stdout"": true, ""resolved_package"": {""build"": ""hfc06a8d_0"", ""name"": ""rasusa"", ""subdir"": ""osx-arm64"", ""version"": ""4.1.0""}, ""timed_out"": false, ""traceback_detected"": false, ""usage_or_help_text_detected"": true}","{""name"": ""seebot"", ""version"": ""0.1.0""}","[""rasusa"", ""--help""]","{""metadata"": ""evidence/rasusa-4.1.0-pilot-001/rasusa__4.1.0__hfa8f182_0__linux-64/CLI-REPEAT-001/metadata.json"", ""stderr"": ""evidence/rasusa-4.1.0-pilot-001/rasusa__4.1.0__hfa8f182_0__linux-64/CLI-REPEAT-001/stderr.txt"", ""stdout"": ""evidence/rasusa-4.1.0-pilot-001/rasusa__4.1.0__hfa8f182_0__linux-64/CLI-REPEAT-001/stdout.txt""}"
rasusa-4.1.0-pilot-001,rasusa__4.1.0__hfa8f182_0__linux-64,CLI-VERSION-001,cli,PASS,CONTRACT,APPLICABLE,automated_with_manifest,2026-07-15T10:37:06.158605Z,0.05232254206202924,pixi-lock:sha256:c8055e1b64e8a07b9a6adb3432fc8fc1d5a799ef49ca5086285345e438661653,9fab92a0a163badb1948e8f013542c6061d047a54c1fc95079c348e20b6dda19,,"{""exit_codes"": [0], ""output_sha256"": {}, ""repeat_count"": 1, ""stdout_contains"": ""4.1.0"", ""timeout_seconds"": 60}","{""exit_code"": 0, ""files_created"": [], ""resolved_package"": {""build"": ""hfc06a8d_0"", ""name"": ""rasusa"", ""subdir"": ""osx-arm64"", ""version"": ""4.1.0""}, ""stdout_contains_expected"": true, ""timed_out"": false, ""traceback_detected"": false, ""usage_or_help_text_detected"": false}","{""name"": ""seebot"", ""version"": ""0.1.0""}","[""rasusa"", ""--version""]","{""metadata"": ""evidence/rasusa-4.1.0-pilot-001/rasusa__4.1.0__hfa8f182_0__linux-64/CLI-VERSION-001/metadata.json"", ""stderr"": ""evidence/rasusa-4.1.0-pilot-001/rasusa__4.1.0__hfa8f182_0__linux-64/CLI-VERSION-001/stderr.txt"", ""stdout"": ""evidence/rasusa-4.1.0-pilot-001/rasusa__4.1.0__hfa8f182_0__linux-64/CLI-VERSION-001/stdout.txt""}"
rasusa-4.1.0-pilot-001,rasusa__4.1.0__hfa8f182_0__linux-64,PKG-IDENTITY-001,package,PASS,CONTRACT,APPLICABLE,automated_with_manifest,2026-07-15T10:43:32.996999Z,0.05500016687437892,pixi-lock:sha256:c8055e1b64e8a07b9a6adb3432fc8fc1d5a799ef49ca5086285345e438661653,9fab92a0a163badb1948e8f013542c6061d047a54c1fc95079c348e20b6dda19,,"{""exit_codes"": [0], ""output_sha256"": {}, ""repeat_count"": 1, ""stdout_contains"": ""4.1.0"", ""timeout_seconds"": 60}","{""exit_code"": 0, ""files_created"": [], ""resolved_package"": {""build"": ""hfc06a8d_0"", ""name"": ""rasusa"", ""subdir"": ""osx-arm64"", ""version"": ""4.1.0""}, ""stdout_contains_expected"": true, ""timed_out"": false, ""traceback_detected"": false, ""usage_or_help_text_detected"": false}","{""name"": ""seebot"", ""version"": ""0.1.0""}","[""rasusa"", ""--version""]","{""metadata"": ""evidence/rasusa-4.1.0-pilot-001/rasusa__4.1.0__hfa8f182_0__linux-64/PKG-IDENTITY-001/metadata.json"", ""stderr"": ""evidence/rasusa-4.1.0-pilot-001/rasusa__4.1.0__hfa8f182_0__linux-64/PKG-IDENTITY-001/stderr.txt"", ""stdout"": ""evidence/rasusa-4.1.0-pilot-001/rasusa__4.1.0__hfa8f182_0__linux-64/PKG-IDENTITY-001/stdout.txt""}"
rasusa-4.1.0-pilot-001,rasusa__4.1.0__hfa8f182_0__linux-64,RECIPE-TEST-DEPTH-001,recipe,PASS,MEASUREMENT,APPLICABLE,automated_with_manifest,2026-07-15T10:43:32.731682Z,0.006191750057041645,sha256:e4535786e54e35a678b5fc97d16f3b6b4ad06a5c5484c93bed98bbcbf95d52ad,9fab92a0a163badb1948e8f013542c6061d047a54c1fc95079c348e20b6dda19,The recipe runs top-level and subcommand help plus the citation command; it does not execute a subsampling analysis.,"{""measurement_only"": true}","{""asserts_output_content"": false, ""asserts_output_exists"": false, ""asserts_output_format"": false, ""depth"": 1, ""has_command_test"": true, ""has_help_test"": true, ""has_import_test"": false, ""has_version_test"": false, ""recipe_path"": ""recipes/rasusa"", ""recipe_sha256"": ""2bcc685526e54a3cec07fa43f3b6abd0b2609aeddd3f31326c4c05e92c185bfe"", ""recipes_commit"": ""7674dbab3aaa145b356baeff810dc7d3c705f4c5"", ""runs_analysis"": false, ""source_text_suggestion"": {""depth"": 2, ""facts"": {""asserts_output_content"": false, ""asserts_output_exists"": false, ""asserts_output_format"": false, ""has_command_test"": true, ""has_help_test"": true, ""has_import_test"": false, ""has_version_test"": false, ""runs_analysis"": true, ""uses_test_data"": false}, ""method_limit"": ""high-confidence text signals only; not a rendered recipe"", ""mismatches"": {""runs_analysis"": {""reviewed"": false, ""suggested"": true}}, ""requires_review"": true}, ""uses_test_data"": false}","{""name"": ""seebot"", ""version"": ""0.1.0""}",null,"{""metadata"": ""evidence/rasusa-4.1.0-pilot-001/rasusa__4.1.0__hfa8f182_0__linux-64/RECIPE-TEST-DEPTH-001/metadata.json"", ""stderr"": ""evidence/rasusa-4.1.0-pilot-001/rasusa__4.1.0__hfa8f182_0__linux-64/RECIPE-TEST-DEPTH-001/stderr.txt"", ""stdout"": ""evidence/rasusa-4.1.0-pilot-001/rasusa__4.1.0__hfa8f182_0__linux-64/RECIPE-TEST-DEPTH-001/observation.json""}"
rasusa-4.1.0-pilot-001,rasusa__4.1.0__hfa8f182_0__linux-64,REPO-PRACTICES-001,repository,PASS,MEASUREMENT,APPLICABLE,automated_with_manifest,2026-07-15T10:43:34.113799Z,0.35303708305582404,sha256:e4535786e54e35a678b5fc97d16f3b6b4ad06a5c5484c93bed98bbcbf95d52ad,6947f7f17fdba7ae7156aff5aca09c76aad22c4a5ab430551eec886eb169e864,,"{""measurement_only"": true}","{""changelog_present"": true, ""ci_workflow_count"": 4, ""ci_workflow_present"": true, ""citation_metadata_present"": true, ""code_of_conduct_present"": false, ""container_spec_present"": true, ""contribution_guide_present"": false, ""dependency_automation_present"": true, ""dependency_manifest_present"": true, ""documentation_path_present"": false, ""examples_present"": false, ""file_count"": 67, ""issue_templates_present"": false, ""language_file_counts"": {""rust"": 11}, ""licence_file_present"": true, ""lockfile_present"": true, ""observed_commit"": ""59e28930210f1a7dccffb236273c2bddb7b4fedd"", ""readme_present"": true, ""release_automation_present"": true, ""repository_url"": ""https://github.com/mbhall88/rasusa"", ""source_file_count"": 11, ""test_config_present"": false, ""test_data_present"": false, ""test_file_count"": 33, ""test_path_present"": true, ""tree_truncated"": false}","{""name"": ""GitHub REST API"", ""version"": ""2022-11-28""}",null,"{""metadata"": ""evidence/rasusa-4.1.0-pilot-001/rasusa__4.1.0__hfa8f182_0__linux-64/REPO-PRACTICES-001/metadata.json"", ""stderr"": ""evidence/rasusa-4.1.0-pilot-001/rasusa__4.1.0__hfa8f182_0__linux-64/REPO-PRACTICES-001/stderr.txt"", ""stdout"": ""evidence/rasusa-4.1.0-pilot-001/rasusa__4.1.0__hfa8f182_0__linux-64/REPO-PRACTICES-001/stdout.json""}"
rasusa-4.1.0-pilot-001,rasusa__4.1.0__hfa8f182_0__linux-64,RS-AUDIT-001,rust,UNTESTABLE,MEASUREMENT,APPLICABLE,automated,2026-07-15T10:44:23.954830Z,6.487499922513962e-05,sha256:e4535786e54e35a678b5fc97d16f3b6b4ad06a5c5484c93bed98bbcbf95d52ad,6947f7f17fdba7ae7156aff5aca09c76aad22c4a5ab430551eec886eb169e864,Required pinned analyzer is unavailable; no package judgement was inferred.,"{""measurement_only"": true}","{""language"": ""rust"", ""missing_executable"": ""cargo-audit"", ""source_roots"": [""/Users/nfareed/Documents/seecode/work/rasusa__4.1.0__hfa8f182_0__linux-64/source/rasusa-4.1.0/src""]}","{""name"": ""cargo-audit"", ""version"": ""UNAVAILABLE""}","[""cargo-audit"", ""audit"", ""--json""]","{""metadata"": ""evidence/rasusa-4.1.0-pilot-001/rasusa__4.1.0__hfa8f182_0__linux-64/RS-AUDIT-001/metadata.json"", ""stderr"": ""evidence/rasusa-4.1.0-pilot-001/rasusa__4.1.0__hfa8f182_0__linux-64/RS-AUDIT-001/stderr.txt"", ""stdout"": ""evidence/rasusa-4.1.0-pilot-001/rasusa__4.1.0__hfa8f182_0__linux-64/RS-AUDIT-001/stdout.txt""}"
rasusa-4.1.0-pilot-001,rasusa__4.1.0__hfa8f182_0__linux-64,RS-CHECK-001,rust,UNTESTABLE,MEASUREMENT,APPLICABLE,automated,2026-07-15T10:44:21.977354Z,0.6867611669003963,sha256:e4535786e54e35a678b5fc97d16f3b6b4ad06a5c5484c93bed98bbcbf95d52ad,6947f7f17fdba7ae7156aff5aca09c76aad22c4a5ab430551eec886eb169e864,Analyzer prerequisite is unavailable; no package judgement was inferred.,"{""measurement_only"": true}","{""build_succeeded"": false, ""dependency_cache_available"": false, ""diagnostic_count"": 0, ""language"": ""rust"", ""source_roots"": [""/Users/nfareed/Documents/seecode/work/rasusa__4.1.0__hfa8f182_0__linux-64/source/rasusa-4.1.0/src""], ""tool_exit_code"": 101}","{""name"": ""cargo"", ""version"": ""cargo 1.93.1 (083ac5135 2025-12-15)""}","[""cargo"", ""check"", ""--locked"", ""--offline"", ""--message-format=json""]","{""metadata"": ""evidence/rasusa-4.1.0-pilot-001/rasusa__4.1.0__hfa8f182_0__linux-64/RS-CHECK-001/metadata.json"", ""stderr"": ""evidence/rasusa-4.1.0-pilot-001/rasusa__4.1.0__hfa8f182_0__linux-64/RS-CHECK-001/stderr.txt"", ""stdout"": ""evidence/rasusa-4.1.0-pilot-001/rasusa__4.1.0__hfa8f182_0__linux-64/RS-CHECK-001/stdout.txt""}"
rasusa-4.1.0-pilot-001,rasusa__4.1.0__hfa8f182_0__linux-64,RS-CLIPPY-001,rust,UNTESTABLE,MEASUREMENT,APPLICABLE,automated,2026-07-15T10:44:23.259747Z,0.21357070794329047,sha256:e4535786e54e35a678b5fc97d16f3b6b4ad06a5c5484c93bed98bbcbf95d52ad,6947f7f17fdba7ae7156aff5aca09c76aad22c4a5ab430551eec886eb169e864,Analyzer prerequisite is unavailable; no package judgement was inferred.,"{""measurement_only"": true}","{""build_succeeded"": false, ""dependency_cache_available"": false, ""diagnostic_count"": 0, ""language"": ""rust"", ""source_roots"": [""/Users/nfareed/Documents/seecode/work/rasusa__4.1.0__hfa8f182_0__linux-64/source/rasusa-4.1.0/src""], ""tool_exit_code"": 101}","{""name"": ""cargo"", ""version"": ""cargo 1.93.1 (083ac5135 2025-12-15)""}","[""cargo"", ""clippy"", ""--locked"", ""--offline"", ""--all-targets"", ""--message-format=json""]","{""metadata"": ""evidence/rasusa-4.1.0-pilot-001/rasusa__4.1.0__hfa8f182_0__linux-64/RS-CLIPPY-001/metadata.json"", ""stderr"": ""evidence/rasusa-4.1.0-pilot-001/rasusa__4.1.0__hfa8f182_0__linux-64/RS-CLIPPY-001/stderr.txt"", ""stdout"": ""evidence/rasusa-4.1.0-pilot-001/rasusa__4.1.0__hfa8f182_0__linux-64/RS-CLIPPY-001/stdout.txt""}"
rasusa-4.1.0-pilot-001,rasusa__4.1.0__hfa8f182_0__linux-64,RS-COMPLEXITY-001,rust,UNTESTABLE,MEASUREMENT,APPLICABLE,automated,2026-07-15T10:44:23.624377Z,7.837498560547829e-05,sha256:e4535786e54e35a678b5fc97d16f3b6b4ad06a5c5484c93bed98bbcbf95d52ad,6947f7f17fdba7ae7156aff5aca09c76aad22c4a5ab430551eec886eb169e864,Required pinned analyzer is unavailable; no package judgement was inferred.,"{""measurement_only"": true}","{""language"": ""rust"", ""missing_executable"": ""rust-code-analysis-cli"", ""source_roots"": [""/Users/nfareed/Documents/seecode/work/rasusa__4.1.0__hfa8f182_0__linux-64/source/rasusa-4.1.0/src""]}","{""name"": ""rust-code-analysis-cli"", ""version"": ""UNAVAILABLE""}","[""rust-code-analysis-cli"", ""-p"", ""/Users/nfareed/Documents/seecode/work/rasusa__4.1.0__hfa8f182_0__linux-64/source/rasusa-4.1.0"", ""-O"", ""json""]","{""metadata"": ""evidence/rasusa-4.1.0-pilot-001/rasusa__4.1.0__hfa8f182_0__linux-64/RS-COMPLEXITY-001/metadata.json"", ""stderr"": ""evidence/rasusa-4.1.0-pilot-001/rasusa__4.1.0__hfa8f182_0__linux-64/RS-COMPLEXITY-001/stderr.txt"", ""stdout"": ""evidence/rasusa-4.1.0-pilot-001/rasusa__4.1.0__hfa8f182_0__linux-64/RS-COMPLEXITY-001/stdout.txt""}"
rasusa-4.1.0-pilot-001,rasusa__4.1.0__hfa8f182_0__linux-64,RS-DOCS-001,rust,UNTESTABLE,MEASUREMENT,APPLICABLE,automated,2026-07-15T10:44:23.678162Z,0.11343316710554063,sha256:e4535786e54e35a678b5fc97d16f3b6b4ad06a5c5484c93bed98bbcbf95d52ad,6947f7f17fdba7ae7156aff5aca09c76aad22c4a5ab430551eec886eb169e864,Analyzer prerequisite is unavailable; no package judgement was inferred.,"{""measurement_only"": true}","{""build_succeeded"": false, ""dependency_cache_available"": false, ""diagnostic_count"": 0, ""language"": ""rust"", ""source_roots"": [""/Users/nfareed/Documents/seecode/work/rasusa__4.1.0__hfa8f182_0__linux-64/source/rasusa-4.1.0/src""], ""tool_exit_code"": 101}","{""name"": ""cargo"", ""version"": ""cargo 1.93.1 (083ac5135 2025-12-15)""}","[""cargo"", ""rustdoc"", ""--locked"", ""--offline""]","{""metadata"": ""evidence/rasusa-4.1.0-pilot-001/rasusa__4.1.0__hfa8f182_0__linux-64/RS-DOCS-001/metadata.json"", ""stderr"": ""evidence/rasusa-4.1.0-pilot-001/rasusa__4.1.0__hfa8f182_0__linux-64/RS-DOCS-001/stderr.txt"", ""stdout"": ""evidence/rasusa-4.1.0-pilot-001/rasusa__4.1.0__hfa8f182_0__linux-64/RS-DOCS-001/stdout.txt""}"
rasusa-4.1.0-pilot-001,rasusa__4.1.0__hfa8f182_0__linux-64,RS-FMT-001,rust,PASS,MEASUREMENT,APPLICABLE,automated,2026-07-15T10:44:22.838883Z,0.27973175002261996,sha256:e4535786e54e35a678b5fc97d16f3b6b4ad06a5c5484c93bed98bbcbf95d52ad,6947f7f17fdba7ae7156aff5aca09c76aad22c4a5ab430551eec886eb169e864,,"{""measurement_only"": true}","{""format_check_succeeded"": true, ""language"": ""rust"", ""source_roots"": [""/Users/nfareed/Documents/seecode/work/rasusa__4.1.0__hfa8f182_0__linux-64/source/rasusa-4.1.0/src""], ""tool_exit_code"": 0}","{""name"": ""cargo"", ""version"": ""cargo 1.93.1 (083ac5135 2025-12-15)""}","[""cargo"", ""fmt"", ""--all"", ""--"", ""--check""]","{""metadata"": ""evidence/rasusa-4.1.0-pilot-001/rasusa__4.1.0__hfa8f182_0__linux-64/RS-FMT-001/metadata.json"", ""stderr"": ""evidence/rasusa-4.1.0-pilot-001/rasusa__4.1.0__hfa8f182_0__linux-64/RS-FMT-001/stderr.txt"", ""stdout"": ""evidence/rasusa-4.1.0-pilot-001/rasusa__4.1.0__hfa8f182_0__linux-64/RS-FMT-001/stdout.txt""}"
rasusa-4.1.0-pilot-001,rasusa__4.1.0__hfa8f182_0__linux-64,RS-UNSAFE-001,rust,UNTESTABLE,MEASUREMENT,APPLICABLE,automated,2026-07-15T10:44:23.899587Z,6.712484173476696e-05,sha256:e4535786e54e35a678b5fc97d16f3b6b4ad06a5c5484c93bed98bbcbf95d52ad,6947f7f17fdba7ae7156aff5aca09c76aad22c4a5ab430551eec886eb169e864,Required pinned analyzer is unavailable; no package judgement was inferred.,"{""measurement_only"": true}","{""language"": ""rust"", ""missing_executable"": ""cargo-geiger"", ""source_roots"": [""/Users/nfareed/Documents/seecode/work/rasusa__4.1.0__hfa8f182_0__linux-64/source/rasusa-4.1.0/src""]}","{""name"": ""cargo-geiger"", ""version"": ""UNAVAILABLE""}","[""cargo-geiger"", ""--locked"", ""--offline"", ""--output-format"", ""Json""]","{""metadata"": ""evidence/rasusa-4.1.0-pilot-001/rasusa__4.1.0__hfa8f182_0__linux-64/RS-UNSAFE-001/metadata.json"", ""stderr"": ""evidence/rasusa-4.1.0-pilot-001/rasusa__4.1.0__hfa8f182_0__linux-64/RS-UNSAFE-001/stderr.txt"", ""stdout"": ""evidence/rasusa-4.1.0-pilot-001/rasusa__4.1.0__hfa8f182_0__linux-64/RS-UNSAFE-001/stdout.txt""}"
rasusa-4.1.0-pilot-001,rasusa__4.1.0__hfa8f182_0__linux-64,SRC-RUST-DUPLICATION-001,source,UNTESTABLE,MEASUREMENT,APPLICABLE,automated,2026-07-15T10:44:24.067344Z,7.512490265071392e-05,sha256:e4535786e54e35a678b5fc97d16f3b6b4ad06a5c5484c93bed98bbcbf95d52ad,6947f7f17fdba7ae7156aff5aca09c76aad22c4a5ab430551eec886eb169e864,Required pinned analyzer is unavailable; no package judgement was inferred.,"{""measurement_only"": true}","{""language"": ""rust"", ""missing_executable"": ""jscpd"", ""source_roots"": [""/Users/nfareed/Documents/seecode/work/rasusa__4.1.0__hfa8f182_0__linux-64/source/rasusa-4.1.0/src""]}","{""name"": ""jscpd"", ""version"": ""UNAVAILABLE""}","[""jscpd"", ""--reporters"", ""console"", ""/Users/nfareed/Documents/seecode/work/rasusa__4.1.0__hfa8f182_0__linux-64/source/rasusa-4.1.0/src""]","{""metadata"": ""evidence/rasusa-4.1.0-pilot-001/rasusa__4.1.0__hfa8f182_0__linux-64/SRC-RUST-DUPLICATION-001/metadata.json"", ""stderr"": ""evidence/rasusa-4.1.0-pilot-001/rasusa__4.1.0__hfa8f182_0__linux-64/SRC-RUST-DUPLICATION-001/stderr.txt"", ""stdout"": ""evidence/rasusa-4.1.0-pilot-001/rasusa__4.1.0__hfa8f182_0__linux-64/SRC-RUST-DUPLICATION-001/stdout.txt""}"
rasusa-4.1.0-pilot-001,rasusa__4.1.0__hfa8f182_0__linux-64,SRC-RUST-SLOC-001,source,UNTESTABLE,MEASUREMENT,APPLICABLE,automated,2026-07-15T10:44:24.009536Z,7.612491026520729e-05,sha256:e4535786e54e35a678b5fc97d16f3b6b4ad06a5c5484c93bed98bbcbf95d52ad,6947f7f17fdba7ae7156aff5aca09c76aad22c4a5ab430551eec886eb169e864,Required pinned analyzer is unavailable; no package judgement was inferred.,"{""measurement_only"": true}","{""language"": ""rust"", ""missing_executable"": ""tokei"", ""source_roots"": [""/Users/nfareed/Documents/seecode/work/rasusa__4.1.0__hfa8f182_0__linux-64/source/rasusa-4.1.0/src""]}","{""name"": ""tokei"", ""version"": ""UNAVAILABLE""}","[""tokei"", ""--output"", ""json"", ""/Users/nfareed/Documents/seecode/work/rasusa__4.1.0__hfa8f182_0__linux-64/source/rasusa-4.1.0/src""]","{""metadata"": ""evidence/rasusa-4.1.0-pilot-001/rasusa__4.1.0__hfa8f182_0__linux-64/SRC-RUST-SLOC-001/metadata.json"", ""stderr"": ""evidence/rasusa-4.1.0-pilot-001/rasusa__4.1.0__hfa8f182_0__linux-64/SRC-RUST-SLOC-001/stderr.txt"", ""stdout"": ""evidence/rasusa-4.1.0-pilot-001/rasusa__4.1.0__hfa8f182_0__linux-64/SRC-RUST-SLOC-001/stdout.txt""}"
sourmash-4.9.4-pilot-001,sourmash__4.9.4__hdfd78af_0__noarch,CLI-ERROR-QUALITY-001,robustness,PASS,CONTRACT,APPLICABLE,automated_with_manifest,2026-07-15T07:35:18.650145Z,2.653952792054042,pixi-lock:sha256:4efdd17241919ad844f597e71e3d46ef69d8fe52491f36f246dd1eb1f7a84eda,9fab92a0a163badb1948e8f013542c6061d047a54c1fc95079c348e20b6dda19,,"{""exit_codes"": [1, 2, 64], ""output_sha256"": {}, ""repeat_count"": 1, ""stdout_contains"": null, ""timeout_seconds"": 60}","{""diagnostic_text_detected"": true, ""exit_code"": 2, ""files_created"": [], ""resolved_package"": {""build"": ""hdfd78af_0"", ""name"": ""sourmash"", ""subdir"": ""noarch"", ""version"": ""4.9.4""}, ""timed_out"": false, ""traceback_detected"": false, ""usage_or_help_text_detected"": false}","{""name"": ""seebot"", ""version"": ""0.1.0""}","[""sourmash"", ""--definitely-not-a-real-option""]","{""metadata"": ""evidence/sourmash-4.9.4-pilot-001/sourmash__4.9.4__hdfd78af_0__noarch/CLI-ERROR-QUALITY-001/metadata.json"", ""stderr"": ""evidence/sourmash-4.9.4-pilot-001/sourmash__4.9.4__hdfd78af_0__noarch/CLI-ERROR-QUALITY-001/stderr.txt"", ""stdout"": ""evidence/sourmash-4.9.4-pilot-001/sourmash__4.9.4__hdfd78af_0__noarch/CLI-ERROR-QUALITY-001/stdout.txt""}"
sourmash-4.9.4-pilot-001,sourmash__4.9.4__hdfd78af_0__noarch,CLI-FUNCTIONAL-001,functional,PASS,CONTRACT,APPLICABLE,automated_with_manifest,2026-07-14T20:32:07.877215Z,1.1801432501524687,pixi-lock:sha256:4efdd17241919ad844f597e71e3d46ef69d8fe52491f36f246dd1eb1f7a84eda,055599a78e434def9d99fd5904bd8f1c7ef558a1c61ce099f0721a11f57bf4c8,,"{""exit_codes"": [0], ""output_sha256"": {""compare.csv"": ""2e45c98773998df2753b88e875bad7ef2a917f2eeb9866070543c6687ffde571""}, ""stdout_contains"": null, ""timeout_seconds"": 60}","{""exit_code"": 0, ""output_sha256"": {""compare.csv"": ""2e45c98773998df2753b88e875bad7ef2a917f2eeb9866070543c6687ffde571""}, ""resolved_package"": {""build"": ""hdfd78af_0"", ""name"": ""sourmash"", ""subdir"": ""noarch"", ""version"": ""4.9.4""}, ""timed_out"": false}","{""name"": ""seebot"", ""version"": ""0.1.0""}","[""sourmash"", ""compare"", ""--csv"", ""/work/compare.csv"", ""/fixtures/example_a.sig"", ""/fixtures/example_b.sig""]","{""metadata"": ""evidence/sourmash-4.9.4-pilot-001/sourmash__4.9.4__hdfd78af_0__noarch/CLI-FUNCTIONAL-001/metadata.json"", ""stderr"": ""evidence/sourmash-4.9.4-pilot-001/sourmash__4.9.4__hdfd78af_0__noarch/CLI-FUNCTIONAL-001/stderr.txt"", ""stdout"": ""evidence/sourmash-4.9.4-pilot-001/sourmash__4.9.4__hdfd78af_0__noarch/CLI-FUNCTIONAL-001/stdout.txt""}"
sourmash-4.9.4-pilot-001,sourmash__4.9.4__hdfd78af_0__noarch,CLI-HELP-001,cli,PASS,CONTRACT,APPLICABLE,automated_with_manifest,2026-07-15T07:35:08.435959Z,2.376960833091289,pixi-lock:sha256:4efdd17241919ad844f597e71e3d46ef69d8fe52491f36f246dd1eb1f7a84eda,9fab92a0a163badb1948e8f013542c6061d047a54c1fc95079c348e20b6dda19,,"{""exit_codes"": [0], ""output_sha256"": {}, ""repeat_count"": 1, ""stdout_contains"": null, ""timeout_seconds"": 60}","{""exit_code"": 0, ""files_created"": [], ""resolved_package"": {""build"": ""hdfd78af_0"", ""name"": ""sourmash"", ""subdir"": ""noarch"", ""version"": ""4.9.4""}, ""timed_out"": false, ""traceback_detected"": false, ""usage_or_help_text_detected"": true}","{""name"": ""seebot"", ""version"": ""0.1.0""}","[""sourmash"", ""--help""]","{""metadata"": ""evidence/sourmash-4.9.4-pilot-001/sourmash__4.9.4__hdfd78af_0__noarch/CLI-HELP-001/metadata.json"", ""stderr"": ""evidence/sourmash-4.9.4-pilot-001/sourmash__4.9.4__hdfd78af_0__noarch/CLI-HELP-001/stderr.txt"", ""stdout"": ""evidence/sourmash-4.9.4-pilot-001/sourmash__4.9.4__hdfd78af_0__noarch/CLI-HELP-001/stdout.txt""}"
sourmash-4.9.4-pilot-001,sourmash__4.9.4__hdfd78af_0__noarch,CLI-HELP-CONTENT-001,cli,PASS,CONTRACT,APPLICABLE,automated_with_manifest,2026-07-15T07:35:10.894668Z,2.3028869999106973,pixi-lock:sha256:4efdd17241919ad844f597e71e3d46ef69d8fe52491f36f246dd1eb1f7a84eda,9fab92a0a163badb1948e8f013542c6061d047a54c1fc95079c348e20b6dda19,,"{""exit_codes"": [0], ""output_sha256"": {}, ""repeat_count"": 1, ""stdout_contains"": null, ""timeout_seconds"": 60}","{""exit_code"": 0, ""files_created"": [], ""interface_detail_detected"": true, ""required_text_detected"": true, ""resolved_package"": {""build"": ""hdfd78af_0"", ""name"": ""sourmash"", ""subdir"": ""noarch"", ""version"": ""4.9.4""}, ""timed_out"": false, ""traceback_detected"": false, ""usage_or_help_text_detected"": true}","{""name"": ""seebot"", ""version"": ""0.1.0""}","[""sourmash"", ""--help""]","{""metadata"": ""evidence/sourmash-4.9.4-pilot-001/sourmash__4.9.4__hdfd78af_0__noarch/CLI-HELP-CONTENT-001/metadata.json"", ""stderr"": ""evidence/sourmash-4.9.4-pilot-001/sourmash__4.9.4__hdfd78af_0__noarch/CLI-HELP-CONTENT-001/stderr.txt"", ""stdout"": ""evidence/sourmash-4.9.4-pilot-001/sourmash__4.9.4__hdfd78af_0__noarch/CLI-HELP-CONTENT-001/stdout.txt""}"
sourmash-4.9.4-pilot-001,sourmash__4.9.4__hdfd78af_0__noarch,CLI-INVALID-001,cli,PASS,CONTRACT,APPLICABLE,automated_with_manifest,2026-07-15T07:35:16.022184Z,2.5495401250664145,pixi-lock:sha256:4efdd17241919ad844f597e71e3d46ef69d8fe52491f36f246dd1eb1f7a84eda,9fab92a0a163badb1948e8f013542c6061d047a54c1fc95079c348e20b6dda19,,"{""exit_codes"": [1, 2, 64], ""output_sha256"": {}, ""repeat_count"": 1, ""stdout_contains"": null, ""timeout_seconds"": 60}","{""exit_code"": 2, ""files_created"": [], ""resolved_package"": {""build"": ""hdfd78af_0"", ""name"": ""sourmash"", ""subdir"": ""noarch"", ""version"": ""4.9.4""}, ""timed_out"": false, ""traceback_detected"": false, ""usage_or_help_text_detected"": false}","{""name"": ""seebot"", ""version"": ""0.1.0""}","[""sourmash"", ""--definitely-not-a-real-option""]","{""metadata"": ""evidence/sourmash-4.9.4-pilot-001/sourmash__4.9.4__hdfd78af_0__noarch/CLI-INVALID-001/metadata.json"", ""stderr"": ""evidence/sourmash-4.9.4-pilot-001/sourmash__4.9.4__hdfd78af_0__noarch/CLI-INVALID-001/stderr.txt"", ""stdout"": ""evidence/sourmash-4.9.4-pilot-001/sourmash__4.9.4__hdfd78af_0__noarch/CLI-INVALID-001/stdout.txt""}"
sourmash-4.9.4-pilot-001,sourmash__4.9.4__hdfd78af_0__noarch,CLI-NOARGS-001,cli,PASS,CONTRACT,APPLICABLE,automated_with_manifest,2026-07-15T07:35:05.348284Z,3.0016176658682525,pixi-lock:sha256:4efdd17241919ad844f597e71e3d46ef69d8fe52491f36f246dd1eb1f7a84eda,9fab92a0a163badb1948e8f013542c6061d047a54c1fc95079c348e20b6dda19,,"{""exit_codes"": [0, 1, 2, 64], ""output_sha256"": {}, ""repeat_count"": 1, ""stdout_contains"": null, ""timeout_seconds"": 60}","{""exit_code"": 1, ""files_created"": [], ""resolved_package"": {""build"": ""hdfd78af_0"", ""name"": ""sourmash"", ""subdir"": ""noarch"", ""version"": ""4.9.4""}, ""timed_out"": false, ""traceback_detected"": false, ""usage_or_help_text_detected"": true}","{""name"": ""seebot"", ""version"": ""0.1.0""}","[""sourmash""]","{""metadata"": ""evidence/sourmash-4.9.4-pilot-001/sourmash__4.9.4__hdfd78af_0__noarch/CLI-NOARGS-001/metadata.json"", ""stderr"": ""evidence/sourmash-4.9.4-pilot-001/sourmash__4.9.4__hdfd78af_0__noarch/CLI-NOARGS-001/stderr.txt"", ""stdout"": ""evidence/sourmash-4.9.4-pilot-001/sourmash__4.9.4__hdfd78af_0__noarch/CLI-NOARGS-001/stdout.txt""}"
sourmash-4.9.4-pilot-001,sourmash__4.9.4__hdfd78af_0__noarch,CLI-REPEAT-001,robustness,PASS,CONTRACT,APPLICABLE,automated_with_manifest,2026-07-15T07:35:21.380301Z,5.249788915971294,pixi-lock:sha256:4efdd17241919ad844f597e71e3d46ef69d8fe52491f36f246dd1eb1f7a84eda,9fab92a0a163badb1948e8f013542c6061d047a54c1fc95079c348e20b6dda19,,"{""exit_codes"": [0], ""output_sha256"": {}, ""repeat_count"": 2, ""stdout_contains"": null, ""timeout_seconds"": 60}","{""exit_code"": 0, ""files_created"": [], ""repeat_count"": 2, ""repeatable_exit_code"": true, ""repeatable_stderr"": true, ""repeatable_stdout"": true, ""resolved_package"": {""build"": ""hdfd78af_0"", ""name"": ""sourmash"", ""subdir"": ""noarch"", ""version"": ""4.9.4""}, ""timed_out"": false, ""traceback_detected"": false, ""usage_or_help_text_detected"": true}","{""name"": ""seebot"", ""version"": ""0.1.0""}","[""sourmash"", ""--help""]","{""metadata"": ""evidence/sourmash-4.9.4-pilot-001/sourmash__4.9.4__hdfd78af_0__noarch/CLI-REPEAT-001/metadata.json"", ""stderr"": ""evidence/sourmash-4.9.4-pilot-001/sourmash__4.9.4__hdfd78af_0__noarch/CLI-REPEAT-001/stderr.txt"", ""stdout"": ""evidence/sourmash-4.9.4-pilot-001/sourmash__4.9.4__hdfd78af_0__noarch/CLI-REPEAT-001/stdout.txt""}"
sourmash-4.9.4-pilot-001,sourmash__4.9.4__hdfd78af_0__noarch,CLI-VERSION-001,cli,PASS,CONTRACT,APPLICABLE,automated_with_manifest,2026-07-15T07:35:13.282873Z,2.654830207815394,pixi-lock:sha256:4efdd17241919ad844f597e71e3d46ef69d8fe52491f36f246dd1eb1f7a84eda,9fab92a0a163badb1948e8f013542c6061d047a54c1fc95079c348e20b6dda19,,"{""exit_codes"": [0], ""output_sha256"": {}, ""repeat_count"": 1, ""stdout_contains"": ""4.9.4"", ""timeout_seconds"": 60}","{""exit_code"": 0, ""files_created"": [], ""resolved_package"": {""build"": ""hdfd78af_0"", ""name"": ""sourmash"", ""subdir"": ""noarch"", ""version"": ""4.9.4""}, ""stdout_contains_expected"": true, ""timed_out"": false, ""traceback_detected"": false, ""usage_or_help_text_detected"": false}","{""name"": ""seebot"", ""version"": ""0.1.0""}","[""sourmash"", ""--version""]","{""metadata"": ""evidence/sourmash-4.9.4-pilot-001/sourmash__4.9.4__hdfd78af_0__noarch/CLI-VERSION-001/metadata.json"", ""stderr"": ""evidence/sourmash-4.9.4-pilot-001/sourmash__4.9.4__hdfd78af_0__noarch/CLI-VERSION-001/stderr.txt"", ""stdout"": ""evidence/sourmash-4.9.4-pilot-001/sourmash__4.9.4__hdfd78af_0__noarch/CLI-VERSION-001/stdout.txt""}"
sourmash-4.9.4-pilot-001,sourmash__4.9.4__hdfd78af_0__noarch,PKG-IDENTITY-001,package,PASS,CONTRACT,APPLICABLE,automated_with_manifest,2026-07-14T20:32:02.836074Z,1.1296216659247875,pixi-lock:sha256:4efdd17241919ad844f597e71e3d46ef69d8fe52491f36f246dd1eb1f7a84eda,055599a78e434def9d99fd5904bd8f1c7ef558a1c61ce099f0721a11f57bf4c8,,"{""exit_codes"": [0], ""output_sha256"": {}, ""stdout_contains"": ""4.9.4"", ""timeout_seconds"": 60}","{""exit_code"": 0, ""resolved_package"": {""build"": ""hdfd78af_0"", ""name"": ""sourmash"", ""subdir"": ""noarch"", ""version"": ""4.9.4""}, ""stdout_contains_expected"": true, ""timed_out"": false}","{""name"": ""seebot"", ""version"": ""0.1.0""}","[""sourmash"", ""--version""]","{""metadata"": ""evidence/sourmash-4.9.4-pilot-001/sourmash__4.9.4__hdfd78af_0__noarch/PKG-IDENTITY-001/metadata.json"", ""stderr"": ""evidence/sourmash-4.9.4-pilot-001/sourmash__4.9.4__hdfd78af_0__noarch/PKG-IDENTITY-001/stderr.txt"", ""stdout"": ""evidence/sourmash-4.9.4-pilot-001/sourmash__4.9.4__hdfd78af_0__noarch/PKG-IDENTITY-001/stdout.txt""}"
sourmash-4.9.4-pilot-001,sourmash__4.9.4__hdfd78af_0__noarch,PY-BANDIT-001,python,PASS,MEASUREMENT,APPLICABLE,automated,2026-07-14T20:32:24.242335Z,1.3366073751822114,sha256:8269f9db9b46a1d858cdc95aa6ce29811d359ddd8cb7e626438a65bb9fef7000,6947f7f17fdba7ae7156aff5aca09c76aad22c4a5ab430551eec886eb169e864,,"{""measurement_only"": true}","{""indicator_count"": 120, ""indicators_by_confidence"": {""HIGH"": 110, ""LOW"": 1, ""MEDIUM"": 9}, ""indicators_by_severity"": {""LOW"": 110, ""MEDIUM"": 10}, ""nonblank_noncomment_lines"": 21860, ""python_files"": 104, ""tool_exit_code"": 1}","{""name"": ""bandit"", ""version"": ""bandit 1.9.4""}","[""bandit"", ""-r"", ""-q"", ""-f"", ""json"", ""work/sourmash__4.9.4__hdfd78af_0__noarch/source/sourmash-4.9.4/src/sourmash""]","{""metadata"": ""evidence/sourmash-4.9.4-pilot-001/sourmash__4.9.4__hdfd78af_0__noarch/PY-BANDIT-001/metadata.json"", ""stderr"": ""evidence/sourmash-4.9.4-pilot-001/sourmash__4.9.4__hdfd78af_0__noarch/PY-BANDIT-001/stderr.txt"", ""stdout"": ""evidence/sourmash-4.9.4-pilot-001/sourmash__4.9.4__hdfd78af_0__noarch/PY-BANDIT-001/stdout.txt""}"
sourmash-4.9.4-pilot-001,sourmash__4.9.4__hdfd78af_0__noarch,PY-INTERROGATE-001,python,PASS,MEASUREMENT,APPLICABLE,automated,2026-07-14T20:32:21.931778Z,0.7183027500286698,sha256:8269f9db9b46a1d858cdc95aa6ce29811d359ddd8cb7e626438a65bb9fef7000,0434c60f7da1b365ca8e9856ae6d58b805a3d6a1aaebd56ea37005c65e777ba8,,"{""measurement_only"": true}","{""docstring_coverage_percent"": 48.9, ""nonblank_noncomment_lines"": 21860, ""python_files"": 104, ""tool_exit_code"": 0}","{""name"": ""interrogate"", ""version"": ""interrogate, version 1.7.0""}","[""interrogate"", ""-vv"", ""--no-color"", ""--fail-under"", ""0"", ""-c"", ""config/interrogate-standard.toml"", ""work/sourmash__4.9.4__hdfd78af_0__noarch/source/sourmash-4.9.4/src/sourmash""]","{""metadata"": ""evidence/sourmash-4.9.4-pilot-001/sourmash__4.9.4__hdfd78af_0__noarch/PY-INTERROGATE-001/metadata.json"", ""stderr"": ""evidence/sourmash-4.9.4-pilot-001/sourmash__4.9.4__hdfd78af_0__noarch/PY-INTERROGATE-001/stderr.txt"", ""stdout"": ""evidence/sourmash-4.9.4-pilot-001/sourmash__4.9.4__hdfd78af_0__noarch/PY-INTERROGATE-001/stdout.txt""}"
sourmash-4.9.4-pilot-001,sourmash__4.9.4__hdfd78af_0__noarch,PY-PYLINT-001,python,PASS,MEASUREMENT,APPLICABLE,automated,2026-07-14T20:32:09.289113Z,11.012312249979004,sha256:8269f9db9b46a1d858cdc95aa6ce29811d359ddd8cb7e626438a65bb9fef7000,5d11606d40ca302b981ecef25173728cf32229a3a8765fbfa2482e7f02dc3254,,"{""measurement_only"": true}","{""message_count"": 2063, ""messages_by_category"": {""convention"": 976, ""error"": 41, ""refactor"": 405, ""warning"": 641}, ""messages_by_symbol"": {""arguments-differ"": 26, ""arguments-renamed"": 19, ""attribute-defined-outside-init"": 86, ""bad-classmethod-argument"": 2, ""bare-except"": 4, ""broad-exception-caught"": 1, ""broad-exception-raised"": 14, ""cell-var-from-loop"": 15, ""consider-using-dict-comprehension"": 1, ""consider-using-f-string"": 4, ""consider-using-in"": 1, ""consider-using-max-builtin"": 2, ""consider-using-set-comprehension"": 1, ""consider-using-with"": 17, ""cyclic-import"": 99, ""dangerous-default-value"": 6, ""duplicate-code"": 31, ""duplicate-except"": 1, ""empty-docstring"": 3, ""fixme"": 23, ""function-redefined"": 8, ""global-statement"": 9, ""import-outside-toplevel"": 107, ""inconsistent-return-statements"": 6, ""invalid-name"": 113, ""line-too-long"": 184, ""missing-class-docstring"": 26, ""missing-function-docstring"": 391, ""missing-module-docstring"": 11, ""no-else-continue"": 7, ""no-else-raise"": 12, ""no-else-return"": 29, ""no-member"": 22, ""pointless-statement"": 2, ""pointless-string-statement"": 4, ""possibly-unused-variable"": 12, ""possibly-used-before-assignment"": 5, ""protected-access"": 103, ""raise-missing-from"": 32, ""redefined-argument-from-local"": 1, ""redefined-builtin"": 10, ""redefined-outer-name"": 73, ""reimported"": 8, ""self-assigning-variable"": 1, ""stop-iteration-return"": 1, ""super-init-not-called"": 11, ""superfluous-parens"": 1, ""too-few-public-methods"": 6, ""too-many-arguments"": 33, ""too-many-branches"": 40, ""too-many-instance-attributes"": 16, ""too-many-lines"": 8, ""too-many-locals"": 57, ""too-many-nested-blocks"": 3, ""too-many-positional-arguments"": 7, ""too-many-public-methods"": 2, ""too-many-return-statements"": 2, ""too-many-statements"": 25, ""try-except-raise"": 1, ""undefined-all-variable"": 2, ""undefined-loop-variable"": 12, ""undefined-variable"": 4, ""unidiomatic-typecheck"": 1, ""unnecessary-dunder-call"": 6, ""unnecessary-pass"": 3, ""unspecified-encoding"": 17, ""unused-argument"": 40, ""unused-import"": 80, ""unused-variable"": 27, ""use-dict-literal"": 5, ""use-implicit-booleaness-not-len"": 9, ""use-yield-from"": 1, ""useless-parent-delegation"": 1, ""wrong-import-order"": 38, ""wrong-import-position"": 72}, ""nonblank_noncomment_lines"": 21860, ""python_files"": 104, ""tool_exit_code"": 30}","{""name"": ""pylint"", ""version"": ""pylint 4.0.6""}","[""pylint"", ""--output-format=json"", ""--recursive=y"", ""--rcfile"", ""config/pylint-standard.toml"", ""work/sourmash__4.9.4__hdfd78af_0__noarch/source/sourmash-4.9.4/src/sourmash""]","{""metadata"": ""evidence/sourmash-4.9.4-pilot-001/sourmash__4.9.4__hdfd78af_0__noarch/PY-PYLINT-001/metadata.json"", ""stderr"": ""evidence/sourmash-4.9.4-pilot-001/sourmash__4.9.4__hdfd78af_0__noarch/PY-PYLINT-001/stderr.txt"", ""stdout"": ""evidence/sourmash-4.9.4-pilot-001/sourmash__4.9.4__hdfd78af_0__noarch/PY-PYLINT-001/stdout.txt""}"
sourmash-4.9.4-pilot-001,sourmash__4.9.4__hdfd78af_0__noarch,PY-RADON-001,python,PASS,MEASUREMENT,APPLICABLE,automated,2026-07-14T20:32:21.099647Z,0.4512552919331938,sha256:8269f9db9b46a1d858cdc95aa6ce29811d359ddd8cb7e626438a65bb9fef7000,6947f7f17fdba7ae7156aff5aca09c76aad22c4a5ab430551eec886eb169e864,,"{""measurement_only"": true}","{""block_count"": 1327, ""blocks_by_grade"": {""A"": 1120, ""B"": 136, ""C"": 47, ""D"": 11, ""E"": 8, ""F"": 5}, ""complexity_max"": 56, ""complexity_mean"": 3.470987189148455, ""nonblank_noncomment_lines"": 21860, ""python_files"": 104, ""tool_exit_code"": 0}","{""name"": ""radon"", ""version"": ""6.0.1""}","[""radon"", ""cc"", ""-j"", ""-s"", ""work/sourmash__4.9.4__hdfd78af_0__noarch/source/sourmash-4.9.4/src/sourmash""]","{""metadata"": ""evidence/sourmash-4.9.4-pilot-001/sourmash__4.9.4__hdfd78af_0__noarch/PY-RADON-001/metadata.json"", ""stderr"": ""evidence/sourmash-4.9.4-pilot-001/sourmash__4.9.4__hdfd78af_0__noarch/PY-RADON-001/stderr.txt"", ""stdout"": ""evidence/sourmash-4.9.4-pilot-001/sourmash__4.9.4__hdfd78af_0__noarch/PY-RADON-001/stdout.txt""}"
sourmash-4.9.4-pilot-001,sourmash__4.9.4__hdfd78af_0__noarch,PY-RUFF-001,python,PASS,MEASUREMENT,APPLICABLE,automated,2026-07-14T20:32:09.163923Z,0.05090812500566244,sha256:8269f9db9b46a1d858cdc95aa6ce29811d359ddd8cb7e626438a65bb9fef7000,59a64ea3b691004e3b4aaf2579aad9a88c1c5d0c40b37f325b0500d8cfa3f34c,,"{""measurement_only"": true}","{""finding_count"": 776, ""findings_by_code"": {""B006"": 6, ""B007"": 27, ""B009"": 6, ""B018"": 3, ""B023"": 14, ""B025"": 1, ""B026"": 1, ""B027"": 2, ""B904"": 32, ""B905"": 13, ""C901"": 51, ""E402"": 72, ""E501"": 193, ""E722"": 5, ""E741"": 2, ""F401"": 166, ""F403"": 1, ""F811"": 7, ""F821"": 4, ""F822"": 2, ""I001"": 89, ""N801"": 18, ""N802"": 2, ""N803"": 7, ""N804"": 2, ""N806"": 48, ""N818"": 2}, ""nonblank_noncomment_lines"": 21860, ""python_files"": 104, ""tool_exit_code"": 1}","{""name"": ""ruff"", ""version"": ""ruff 0.15.21""}","[""ruff"", ""check"", ""--output-format=json"", ""--config"", ""config/ruff-standard.toml"", ""work/sourmash__4.9.4__hdfd78af_0__noarch/source/sourmash-4.9.4/src/sourmash""]","{""metadata"": ""evidence/sourmash-4.9.4-pilot-001/sourmash__4.9.4__hdfd78af_0__noarch/PY-RUFF-001/metadata.json"", ""stderr"": ""evidence/sourmash-4.9.4-pilot-001/sourmash__4.9.4__hdfd78af_0__noarch/PY-RUFF-001/stderr.txt"", ""stdout"": ""evidence/sourmash-4.9.4-pilot-001/sourmash__4.9.4__hdfd78af_0__noarch/PY-RUFF-001/stdout.txt""}"
sourmash-4.9.4-pilot-001,sourmash__4.9.4__hdfd78af_0__noarch,PY-VULTURE-001,python,PASS,MEASUREMENT,APPLICABLE,automated,2026-07-14T20:32:23.263749Z,0.5556582920253277,sha256:8269f9db9b46a1d858cdc95aa6ce29811d359ddd8cb7e626438a65bb9fef7000,6947f7f17fdba7ae7156aff5aca09c76aad22c4a5ab430551eec886eb169e864,,"{""measurement_only"": true}","{""candidate_count"": 105, ""candidates_by_confidence"": {""100"": 1, ""60"": 101, ""90"": 3}, ""nonblank_noncomment_lines"": 21860, ""python_files"": 104, ""tool_exit_code"": 3}","{""name"": ""vulture"", ""version"": ""vulture 2.16""}","[""vulture"", ""--min-confidence"", ""60"", ""work/sourmash__4.9.4__hdfd78af_0__noarch/source/sourmash-4.9.4/src/sourmash""]","{""metadata"": ""evidence/sourmash-4.9.4-pilot-001/sourmash__4.9.4__hdfd78af_0__noarch/PY-VULTURE-001/metadata.json"", ""stderr"": ""evidence/sourmash-4.9.4-pilot-001/sourmash__4.9.4__hdfd78af_0__noarch/PY-VULTURE-001/stderr.txt"", ""stdout"": ""evidence/sourmash-4.9.4-pilot-001/sourmash__4.9.4__hdfd78af_0__noarch/PY-VULTURE-001/stdout.txt""}"
sourmash-4.9.4-pilot-001,sourmash__4.9.4__hdfd78af_0__noarch,RECIPE-TEST-DEPTH-001,recipe,PASS,MEASUREMENT,APPLICABLE,automated_with_manifest,2026-07-14T20:39:44.496741Z,0.004768624901771545,sha256:8269f9db9b46a1d858cdc95aa6ce29811d359ddd8cb7e626438a65bb9fef7000,055599a78e434def9d99fd5904bd8f1c7ef558a1c61ce099f0721a11f57bf4c8,The recipe imports sourmash and checks help plus version text from sourmash info.,"{""measurement_only"": true}","{""asserts_output_content"": true, ""asserts_output_exists"": false, ""asserts_output_format"": false, ""depth"": 1, ""has_command_test"": true, ""has_help_test"": true, ""has_import_test"": true, ""has_version_test"": true, ""recipe_path"": ""recipes/sourmash"", ""recipe_sha256"": ""a3c4a7e189b46d754b70a4a0569278e6c7a78311381c318be91a883768b89e61"", ""recipes_commit"": ""7674dbab3aaa145b356baeff810dc7d3c705f4c5"", ""runs_analysis"": false, ""source_text_suggestion"": {""depth"": 1, ""facts"": {""asserts_output_content"": true, ""asserts_output_exists"": false, ""asserts_output_format"": false, ""has_command_test"": true, ""has_help_test"": true, ""has_import_test"": true, ""has_version_test"": true, ""runs_analysis"": false, ""uses_test_data"": false}, ""method_limit"": ""high-confidence text signals only; not a rendered recipe"", ""mismatches"": {}, ""requires_review"": false}, ""uses_test_data"": false}","{""name"": ""seebot"", ""version"": ""0.1.0""}",null,"{""metadata"": ""evidence/sourmash-4.9.4-pilot-001/sourmash__4.9.4__hdfd78af_0__noarch/RECIPE-TEST-DEPTH-001/metadata.json"", ""stderr"": ""evidence/sourmash-4.9.4-pilot-001/sourmash__4.9.4__hdfd78af_0__noarch/RECIPE-TEST-DEPTH-001/stderr.txt"", ""stdout"": ""evidence/sourmash-4.9.4-pilot-001/sourmash__4.9.4__hdfd78af_0__noarch/RECIPE-TEST-DEPTH-001/observation.json""}"
sourmash-4.9.4-pilot-001,sourmash__4.9.4__hdfd78af_0__noarch,REPO-PRACTICES-001,repository,PASS,MEASUREMENT,APPLICABLE,automated_with_manifest,2026-07-14T20:32:26.517735Z,0.5690208331216127,sha256:8269f9db9b46a1d858cdc95aa6ce29811d359ddd8cb7e626438a65bb9fef7000,6947f7f17fdba7ae7156aff5aca09c76aad22c4a5ab430551eec886eb169e864,,"{""measurement_only"": true}","{""ci_workflow_present"": true, ""citation_metadata_present"": true, ""contribution_guide_present"": true, ""documentation_path_present"": true, ""file_count"": 883, ""licence_file_present"": true, ""observed_commit"": ""17d4186c81e93e5c1b5279849e2f003ffd2e75b0"", ""repository_url"": ""https://github.com/sourmash-bio/sourmash"", ""test_path_present"": true, ""tree_truncated"": false}","{""name"": ""GitHub REST API"", ""version"": ""2022-11-28""}",null,"{""metadata"": ""evidence/sourmash-4.9.4-pilot-001/sourmash__4.9.4__hdfd78af_0__noarch/REPO-PRACTICES-001/metadata.json"", ""stderr"": ""evidence/sourmash-4.9.4-pilot-001/sourmash__4.9.4__hdfd78af_0__noarch/REPO-PRACTICES-001/stderr.txt"", ""stdout"": ""evidence/sourmash-4.9.4-pilot-001/sourmash__4.9.4__hdfd78af_0__noarch/REPO-PRACTICES-001/stdout.json""}"
