run_id,project_id,repository_id,snapshot_date,snapshot_commit,source_component_id,executable_id,installation_id,check_id,probe_id,domain,status,result_kind,applicability,method,started_at,duration_seconds,environment_id,config_sha256,notes
repository-retry,abyss,bcgsc/abyss,2026-07-01,82ab61922c3c2fdd32372de2c470f8217c109284,,,,REPO-ACTIVITY-001,repository:activity,repository,OBSERVED,MEASUREMENT,APPLICABLE,automated_with_manifest,2026-07-16T17:33:15.088803Z,0.0,sha256:f2045050fde04109c5e1611d916eb1af2029c5289d1f3b3ce7fbd8793719fb0a,7b20bec233b1e313aa6b9d2b622b88b9d455be7760e1d92f01b6c76bf00b59fd,
repository-retry,abyss,bcgsc/abyss,2026-07-01,82ab61922c3c2fdd32372de2c470f8217c109284,,,,REPO-DOCUMENTATION-001,repository:documentation,repository,OBSERVED,MEASUREMENT,APPLICABLE,automated_with_manifest,2026-07-16T17:33:15.235713Z,0.0,sha256:f2045050fde04109c5e1611d916eb1af2029c5289d1f3b3ce7fbd8793719fb0a,7b20bec233b1e313aa6b9d2b622b88b9d455be7760e1d92f01b6c76bf00b59fd,
repository-retry,abyss,bcgsc/abyss,2026-07-01,82ab61922c3c2fdd32372de2c470f8217c109284,,,,REPO-RELEASES-001,repository:releases,repository,OBSERVED,MEASUREMENT,APPLICABLE,automated_with_manifest,2026-07-16T17:33:15.269839Z,0.0,sha256:f2045050fde04109c5e1611d916eb1af2029c5289d1f3b3ce7fbd8793719fb0a,7b20bec233b1e313aa6b9d2b622b88b9d455be7760e1d92f01b6c76bf00b59fd,
repository-retry,abyss,bcgsc/abyss,2026-07-01,82ab61922c3c2fdd32372de2c470f8217c109284,,,,REPO-STANDARD-TESTS-001,repository:standard-tests,repository,OBSERVED,MEASUREMENT,APPLICABLE,automated_with_manifest,2026-07-16T17:33:15.248914Z,0.0,sha256:f2045050fde04109c5e1611d916eb1af2029c5289d1f3b3ce7fbd8793719fb0a,7b20bec233b1e313aa6b9d2b622b88b9d455be7760e1d92f01b6c76bf00b59fd,Upstream tests were detected but never executed.
repository-retry,abyss,bcgsc/abyss,2026-07-01,82ab61922c3c2fdd32372de2c470f8217c109284,,,,REPO-VERIFICATION-CI-001,repository:verification-ci,repository,OBSERVED,MEASUREMENT,APPLICABLE,automated_with_manifest,2026-07-16T17:33:15.258548Z,0.0,sha256:f2045050fde04109c5e1611d916eb1af2029c5289d1f3b3ce7fbd8793719fb0a,7b20bec233b1e313aa6b9d2b622b88b9d455be7760e1d92f01b6c76bf00b59fd,
repository-retry,augustus,Gaius-Augustus/Augustus,2026-07-01,220e5a63c0fd546563472ec6d1f9271faddaf569,,,,REPO-ACTIVITY-001,repository:activity,repository,OBSERVED,MEASUREMENT,APPLICABLE,automated_with_manifest,2026-07-16T17:34:37.177446Z,0.0,sha256:f2045050fde04109c5e1611d916eb1af2029c5289d1f3b3ce7fbd8793719fb0a,7b20bec233b1e313aa6b9d2b622b88b9d455be7760e1d92f01b6c76bf00b59fd,
repository-retry,augustus,Gaius-Augustus/Augustus,2026-07-01,220e5a63c0fd546563472ec6d1f9271faddaf569,,,,REPO-DOCUMENTATION-001,repository:documentation,repository,OBSERVED,MEASUREMENT,APPLICABLE,automated_with_manifest,2026-07-16T17:34:37.219060Z,0.0,sha256:f2045050fde04109c5e1611d916eb1af2029c5289d1f3b3ce7fbd8793719fb0a,7b20bec233b1e313aa6b9d2b622b88b9d455be7760e1d92f01b6c76bf00b59fd,
repository-retry,augustus,Gaius-Augustus/Augustus,2026-07-01,220e5a63c0fd546563472ec6d1f9271faddaf569,,,,REPO-RELEASES-001,repository:releases,repository,OBSERVED,MEASUREMENT,APPLICABLE,automated_with_manifest,2026-07-16T17:34:37.244725Z,0.0,sha256:f2045050fde04109c5e1611d916eb1af2029c5289d1f3b3ce7fbd8793719fb0a,7b20bec233b1e313aa6b9d2b622b88b9d455be7760e1d92f01b6c76bf00b59fd,
repository-retry,augustus,Gaius-Augustus/Augustus,2026-07-01,220e5a63c0fd546563472ec6d1f9271faddaf569,,,,REPO-STANDARD-TESTS-001,repository:standard-tests,repository,OBSERVED,MEASUREMENT,APPLICABLE,automated_with_manifest,2026-07-16T17:34:37.228413Z,0.0,sha256:f2045050fde04109c5e1611d916eb1af2029c5289d1f3b3ce7fbd8793719fb0a,7b20bec233b1e313aa6b9d2b622b88b9d455be7760e1d92f01b6c76bf00b59fd,Upstream tests were detected but never executed.
repository-retry,augustus,Gaius-Augustus/Augustus,2026-07-01,220e5a63c0fd546563472ec6d1f9271faddaf569,,,,REPO-VERIFICATION-CI-001,repository:verification-ci,repository,OBSERVED,MEASUREMENT,APPLICABLE,automated_with_manifest,2026-07-16T17:34:37.236956Z,0.0,sha256:f2045050fde04109c5e1611d916eb1af2029c5289d1f3b3ce7fbd8793719fb0a,7b20bec233b1e313aa6b9d2b622b88b9d455be7760e1d92f01b6c76bf00b59fd,
repository-retry,bowtie,BenLangmead/bowtie,2026-07-01,86c6d7797228ec808ace59f368979c3019471ec7,,,,REPO-ACTIVITY-001,repository:activity,repository,OBSERVED,MEASUREMENT,APPLICABLE,automated_with_manifest,2026-07-16T17:34:53.839922Z,0.0,sha256:f2045050fde04109c5e1611d916eb1af2029c5289d1f3b3ce7fbd8793719fb0a,7b20bec233b1e313aa6b9d2b622b88b9d455be7760e1d92f01b6c76bf00b59fd,
repository-retry,bowtie,BenLangmead/bowtie,2026-07-01,86c6d7797228ec808ace59f368979c3019471ec7,,,,REPO-DOCUMENTATION-001,repository:documentation,repository,OBSERVED,MEASUREMENT,APPLICABLE,automated_with_manifest,2026-07-16T17:34:53.851774Z,0.0,sha256:f2045050fde04109c5e1611d916eb1af2029c5289d1f3b3ce7fbd8793719fb0a,7b20bec233b1e313aa6b9d2b622b88b9d455be7760e1d92f01b6c76bf00b59fd,
repository-retry,bowtie,BenLangmead/bowtie,2026-07-01,86c6d7797228ec808ace59f368979c3019471ec7,,,,REPO-RELEASES-001,repository:releases,repository,OBSERVED,MEASUREMENT,APPLICABLE,automated_with_manifest,2026-07-16T17:34:53.876180Z,0.0,sha256:f2045050fde04109c5e1611d916eb1af2029c5289d1f3b3ce7fbd8793719fb0a,7b20bec233b1e313aa6b9d2b622b88b9d455be7760e1d92f01b6c76bf00b59fd,
repository-retry,bowtie,BenLangmead/bowtie,2026-07-01,86c6d7797228ec808ace59f368979c3019471ec7,,,,REPO-STANDARD-TESTS-001,repository:standard-tests,repository,OBSERVED,MEASUREMENT,APPLICABLE,automated_with_manifest,2026-07-16T17:34:53.860218Z,0.0,sha256:f2045050fde04109c5e1611d916eb1af2029c5289d1f3b3ce7fbd8793719fb0a,7b20bec233b1e313aa6b9d2b622b88b9d455be7760e1d92f01b6c76bf00b59fd,Upstream tests were detected but never executed.
repository-retry,bowtie,BenLangmead/bowtie,2026-07-01,86c6d7797228ec808ace59f368979c3019471ec7,,,,REPO-VERIFICATION-CI-001,repository:verification-ci,repository,OBSERVED,MEASUREMENT,APPLICABLE,automated_with_manifest,2026-07-16T17:34:53.868584Z,0.0,sha256:f2045050fde04109c5e1611d916eb1af2029c5289d1f3b3ce7fbd8793719fb0a,7b20bec233b1e313aa6b9d2b622b88b9d455be7760e1d92f01b6c76bf00b59fd,
repository-retry,bowtie2,BenLangmead/bowtie2,2026-07-01,80e101112461b3adea6c7453e28e89d8724b8cb5,,,,REPO-ACTIVITY-001,repository:activity,repository,OBSERVED,MEASUREMENT,APPLICABLE,automated_with_manifest,2026-07-16T17:35:09.582664Z,0.0,sha256:f2045050fde04109c5e1611d916eb1af2029c5289d1f3b3ce7fbd8793719fb0a,7b20bec233b1e313aa6b9d2b622b88b9d455be7760e1d92f01b6c76bf00b59fd,
repository-retry,bowtie2,BenLangmead/bowtie2,2026-07-01,80e101112461b3adea6c7453e28e89d8724b8cb5,,,,REPO-DOCUMENTATION-001,repository:documentation,repository,OBSERVED,MEASUREMENT,APPLICABLE,automated_with_manifest,2026-07-16T17:35:09.593368Z,0.0,sha256:f2045050fde04109c5e1611d916eb1af2029c5289d1f3b3ce7fbd8793719fb0a,7b20bec233b1e313aa6b9d2b622b88b9d455be7760e1d92f01b6c76bf00b59fd,
repository-retry,bowtie2,BenLangmead/bowtie2,2026-07-01,80e101112461b3adea6c7453e28e89d8724b8cb5,,,,REPO-RELEASES-001,repository:releases,repository,OBSERVED,MEASUREMENT,APPLICABLE,automated_with_manifest,2026-07-16T17:35:09.616847Z,0.0,sha256:f2045050fde04109c5e1611d916eb1af2029c5289d1f3b3ce7fbd8793719fb0a,7b20bec233b1e313aa6b9d2b622b88b9d455be7760e1d92f01b6c76bf00b59fd,
repository-retry,bowtie2,BenLangmead/bowtie2,2026-07-01,80e101112461b3adea6c7453e28e89d8724b8cb5,,,,REPO-STANDARD-TESTS-001,repository:standard-tests,repository,OBSERVED,MEASUREMENT,APPLICABLE,automated_with_manifest,2026-07-16T17:35:09.601883Z,0.0,sha256:f2045050fde04109c5e1611d916eb1af2029c5289d1f3b3ce7fbd8793719fb0a,7b20bec233b1e313aa6b9d2b622b88b9d455be7760e1d92f01b6c76bf00b59fd,Upstream tests were detected but never executed.
repository-retry,bowtie2,BenLangmead/bowtie2,2026-07-01,80e101112461b3adea6c7453e28e89d8724b8cb5,,,,REPO-VERIFICATION-CI-001,repository:verification-ci,repository,OBSERVED,MEASUREMENT,APPLICABLE,automated_with_manifest,2026-07-16T17:35:09.609546Z,0.0,sha256:f2045050fde04109c5e1611d916eb1af2029c5289d1f3b3ce7fbd8793719fb0a,7b20bec233b1e313aa6b9d2b622b88b9d455be7760e1d92f01b6c76bf00b59fd,
repository-retry,cyvcf2,brentp/cyvcf2,2026-07-01,b8f22b53d3c97fac1f44041220af6cc3c9690f95,,,,REPO-ACTIVITY-001,repository:activity,repository,OBSERVED,MEASUREMENT,APPLICABLE,automated_with_manifest,2026-07-16T17:35:15.480611Z,0.0,sha256:f2045050fde04109c5e1611d916eb1af2029c5289d1f3b3ce7fbd8793719fb0a,7b20bec233b1e313aa6b9d2b622b88b9d455be7760e1d92f01b6c76bf00b59fd,
repository-retry,cyvcf2,brentp/cyvcf2,2026-07-01,b8f22b53d3c97fac1f44041220af6cc3c9690f95,,,,REPO-DOCUMENTATION-001,repository:documentation,repository,OBSERVED,MEASUREMENT,APPLICABLE,automated_with_manifest,2026-07-16T17:35:15.493661Z,0.0,sha256:f2045050fde04109c5e1611d916eb1af2029c5289d1f3b3ce7fbd8793719fb0a,7b20bec233b1e313aa6b9d2b622b88b9d455be7760e1d92f01b6c76bf00b59fd,
repository-retry,cyvcf2,brentp/cyvcf2,2026-07-01,b8f22b53d3c97fac1f44041220af6cc3c9690f95,,,,REPO-RELEASES-001,repository:releases,repository,OBSERVED,MEASUREMENT,APPLICABLE,automated_with_manifest,2026-07-16T17:35:15.518285Z,0.0,sha256:f2045050fde04109c5e1611d916eb1af2029c5289d1f3b3ce7fbd8793719fb0a,7b20bec233b1e313aa6b9d2b622b88b9d455be7760e1d92f01b6c76bf00b59fd,
repository-retry,cyvcf2,brentp/cyvcf2,2026-07-01,b8f22b53d3c97fac1f44041220af6cc3c9690f95,,,,REPO-STANDARD-TESTS-001,repository:standard-tests,repository,OBSERVED,MEASUREMENT,APPLICABLE,automated_with_manifest,2026-07-16T17:35:15.502142Z,0.0,sha256:f2045050fde04109c5e1611d916eb1af2029c5289d1f3b3ce7fbd8793719fb0a,7b20bec233b1e313aa6b9d2b622b88b9d455be7760e1d92f01b6c76bf00b59fd,Upstream tests were detected but never executed.
repository-retry,cyvcf2,brentp/cyvcf2,2026-07-01,b8f22b53d3c97fac1f44041220af6cc3c9690f95,,,,REPO-VERIFICATION-CI-001,repository:verification-ci,repository,OBSERVED,MEASUREMENT,APPLICABLE,automated_with_manifest,2026-07-16T17:35:15.510187Z,0.0,sha256:f2045050fde04109c5e1611d916eb1af2029c5289d1f3b3ce7fbd8793719fb0a,7b20bec233b1e313aa6b9d2b622b88b9d455be7760e1d92f01b6c76bf00b59fd,
repository-retry,diamond,bbuchfink/diamond,2026-07-01,61701341f281be3c53b110693a2c14c59757b5da,,,,REPO-ACTIVITY-001,repository:activity,repository,OBSERVED,MEASUREMENT,APPLICABLE,automated_with_manifest,2026-07-16T17:35:35.578912Z,0.0,sha256:f2045050fde04109c5e1611d916eb1af2029c5289d1f3b3ce7fbd8793719fb0a,7b20bec233b1e313aa6b9d2b622b88b9d455be7760e1d92f01b6c76bf00b59fd,
repository-retry,diamond,bbuchfink/diamond,2026-07-01,61701341f281be3c53b110693a2c14c59757b5da,,,,REPO-DOCUMENTATION-001,repository:documentation,repository,OBSERVED,MEASUREMENT,APPLICABLE,automated_with_manifest,2026-07-16T17:35:35.592835Z,0.0,sha256:f2045050fde04109c5e1611d916eb1af2029c5289d1f3b3ce7fbd8793719fb0a,7b20bec233b1e313aa6b9d2b622b88b9d455be7760e1d92f01b6c76bf00b59fd,
repository-retry,diamond,bbuchfink/diamond,2026-07-01,61701341f281be3c53b110693a2c14c59757b5da,,,,REPO-RELEASES-001,repository:releases,repository,OBSERVED,MEASUREMENT,APPLICABLE,automated_with_manifest,2026-07-16T17:35:35.618945Z,0.0,sha256:f2045050fde04109c5e1611d916eb1af2029c5289d1f3b3ce7fbd8793719fb0a,7b20bec233b1e313aa6b9d2b622b88b9d455be7760e1d92f01b6c76bf00b59fd,
repository-retry,diamond,bbuchfink/diamond,2026-07-01,61701341f281be3c53b110693a2c14c59757b5da,,,,REPO-STANDARD-TESTS-001,repository:standard-tests,repository,OBSERVED,MEASUREMENT,APPLICABLE,automated_with_manifest,2026-07-16T17:35:35.601633Z,0.0,sha256:f2045050fde04109c5e1611d916eb1af2029c5289d1f3b3ce7fbd8793719fb0a,7b20bec233b1e313aa6b9d2b622b88b9d455be7760e1d92f01b6c76bf00b59fd,Upstream tests were detected but never executed.
repository-retry,diamond,bbuchfink/diamond,2026-07-01,61701341f281be3c53b110693a2c14c59757b5da,,,,REPO-VERIFICATION-CI-001,repository:verification-ci,repository,OBSERVED,MEASUREMENT,APPLICABLE,automated_with_manifest,2026-07-16T17:35:35.610534Z,0.0,sha256:f2045050fde04109c5e1611d916eb1af2029c5289d1f3b3ce7fbd8793719fb0a,7b20bec233b1e313aa6b9d2b622b88b9d455be7760e1d92f01b6c76bf00b59fd,
repository-retry,foldseek,steineggerlab/foldseek,2026-07-01,7f4b94644d6b210af4530e04a9fdc9e4bb64ea66,,,,REPO-ACTIVITY-001,repository:activity,repository,OBSERVED,MEASUREMENT,APPLICABLE,automated_with_manifest,2026-07-16T17:36:00.147422Z,0.0,sha256:f2045050fde04109c5e1611d916eb1af2029c5289d1f3b3ce7fbd8793719fb0a,7b20bec233b1e313aa6b9d2b622b88b9d455be7760e1d92f01b6c76bf00b59fd,
repository-retry,foldseek,steineggerlab/foldseek,2026-07-01,7f4b94644d6b210af4530e04a9fdc9e4bb64ea66,,,,REPO-DOCUMENTATION-001,repository:documentation,repository,OBSERVED,MEASUREMENT,APPLICABLE,automated_with_manifest,2026-07-16T17:36:00.160683Z,0.0,sha256:f2045050fde04109c5e1611d916eb1af2029c5289d1f3b3ce7fbd8793719fb0a,7b20bec233b1e313aa6b9d2b622b88b9d455be7760e1d92f01b6c76bf00b59fd,
repository-retry,foldseek,steineggerlab/foldseek,2026-07-01,7f4b94644d6b210af4530e04a9fdc9e4bb64ea66,,,,REPO-RELEASES-001,repository:releases,repository,OBSERVED,MEASUREMENT,APPLICABLE,automated_with_manifest,2026-07-16T17:36:00.185857Z,0.0,sha256:f2045050fde04109c5e1611d916eb1af2029c5289d1f3b3ce7fbd8793719fb0a,7b20bec233b1e313aa6b9d2b622b88b9d455be7760e1d92f01b6c76bf00b59fd,
repository-retry,foldseek,steineggerlab/foldseek,2026-07-01,7f4b94644d6b210af4530e04a9fdc9e4bb64ea66,,,,REPO-STANDARD-TESTS-001,repository:standard-tests,repository,OBSERVED,MEASUREMENT,APPLICABLE,automated_with_manifest,2026-07-16T17:36:00.169382Z,0.0,sha256:f2045050fde04109c5e1611d916eb1af2029c5289d1f3b3ce7fbd8793719fb0a,7b20bec233b1e313aa6b9d2b622b88b9d455be7760e1d92f01b6c76bf00b59fd,Upstream tests were detected but never executed.
repository-retry,foldseek,steineggerlab/foldseek,2026-07-01,7f4b94644d6b210af4530e04a9fdc9e4bb64ea66,,,,REPO-VERIFICATION-CI-001,repository:verification-ci,repository,OBSERVED,MEASUREMENT,APPLICABLE,automated_with_manifest,2026-07-16T17:36:00.177803Z,0.0,sha256:f2045050fde04109c5e1611d916eb1af2029c5289d1f3b3ce7fbd8793719fb0a,7b20bec233b1e313aa6b9d2b622b88b9d455be7760e1d92f01b6c76bf00b59fd,
repository-retry,freebayes,freebayes/freebayes,2026-07-01,6957c3cea3aea52e70a04bd2de69f690f59e97cd,,,,REPO-ACTIVITY-001,repository:activity,repository,OBSERVED,MEASUREMENT,APPLICABLE,automated_with_manifest,2026-07-16T17:36:10.950756Z,0.0,sha256:f2045050fde04109c5e1611d916eb1af2029c5289d1f3b3ce7fbd8793719fb0a,7b20bec233b1e313aa6b9d2b622b88b9d455be7760e1d92f01b6c76bf00b59fd,
repository-retry,freebayes,freebayes/freebayes,2026-07-01,6957c3cea3aea52e70a04bd2de69f690f59e97cd,,,,REPO-DOCUMENTATION-001,repository:documentation,repository,OBSERVED,MEASUREMENT,APPLICABLE,automated_with_manifest,2026-07-16T17:36:10.963134Z,0.0,sha256:f2045050fde04109c5e1611d916eb1af2029c5289d1f3b3ce7fbd8793719fb0a,7b20bec233b1e313aa6b9d2b622b88b9d455be7760e1d92f01b6c76bf00b59fd,
repository-retry,freebayes,freebayes/freebayes,2026-07-01,6957c3cea3aea52e70a04bd2de69f690f59e97cd,,,,REPO-RELEASES-001,repository:releases,repository,OBSERVED,MEASUREMENT,APPLICABLE,automated_with_manifest,2026-07-16T17:36:10.986257Z,0.0,sha256:f2045050fde04109c5e1611d916eb1af2029c5289d1f3b3ce7fbd8793719fb0a,7b20bec233b1e313aa6b9d2b622b88b9d455be7760e1d92f01b6c76bf00b59fd,
repository-retry,freebayes,freebayes/freebayes,2026-07-01,6957c3cea3aea52e70a04bd2de69f690f59e97cd,,,,REPO-STANDARD-TESTS-001,repository:standard-tests,repository,OBSERVED,MEASUREMENT,APPLICABLE,automated_with_manifest,2026-07-16T17:36:10.971291Z,0.0,sha256:f2045050fde04109c5e1611d916eb1af2029c5289d1f3b3ce7fbd8793719fb0a,7b20bec233b1e313aa6b9d2b622b88b9d455be7760e1d92f01b6c76bf00b59fd,Upstream tests were detected but never executed.
repository-retry,freebayes,freebayes/freebayes,2026-07-01,6957c3cea3aea52e70a04bd2de69f690f59e97cd,,,,REPO-VERIFICATION-CI-001,repository:verification-ci,repository,OBSERVED,MEASUREMENT,APPLICABLE,automated_with_manifest,2026-07-16T17:36:10.978933Z,0.0,sha256:f2045050fde04109c5e1611d916eb1af2029c5289d1f3b3ce7fbd8793719fb0a,7b20bec233b1e313aa6b9d2b622b88b9d455be7760e1d92f01b6c76bf00b59fd,
repository-retry,genometools-genometools,genometools/genometools,2026-07-01,1f0ff66b3ab77021250b7bc474a8d423149290db,,,,REPO-ACTIVITY-001,repository:activity,repository,OBSERVED,MEASUREMENT,APPLICABLE,automated_with_manifest,2026-07-16T17:37:11.866601Z,0.0,sha256:f2045050fde04109c5e1611d916eb1af2029c5289d1f3b3ce7fbd8793719fb0a,7b20bec233b1e313aa6b9d2b622b88b9d455be7760e1d92f01b6c76bf00b59fd,
repository-retry,genometools-genometools,genometools/genometools,2026-07-01,1f0ff66b3ab77021250b7bc474a8d423149290db,,,,REPO-DOCUMENTATION-001,repository:documentation,repository,OBSERVED,MEASUREMENT,APPLICABLE,automated_with_manifest,2026-07-16T17:37:11.920389Z,0.0,sha256:f2045050fde04109c5e1611d916eb1af2029c5289d1f3b3ce7fbd8793719fb0a,7b20bec233b1e313aa6b9d2b622b88b9d455be7760e1d92f01b6c76bf00b59fd,
repository-retry,genometools-genometools,genometools/genometools,2026-07-01,1f0ff66b3ab77021250b7bc474a8d423149290db,,,,REPO-RELEASES-001,repository:releases,repository,OBSERVED,MEASUREMENT,APPLICABLE,automated_with_manifest,2026-07-16T17:37:11.945587Z,0.0,sha256:f2045050fde04109c5e1611d916eb1af2029c5289d1f3b3ce7fbd8793719fb0a,7b20bec233b1e313aa6b9d2b622b88b9d455be7760e1d92f01b6c76bf00b59fd,
repository-retry,genometools-genometools,genometools/genometools,2026-07-01,1f0ff66b3ab77021250b7bc474a8d423149290db,,,,REPO-STANDARD-TESTS-001,repository:standard-tests,repository,OBSERVED,MEASUREMENT,APPLICABLE,automated_with_manifest,2026-07-16T17:37:11.929330Z,0.0,sha256:f2045050fde04109c5e1611d916eb1af2029c5289d1f3b3ce7fbd8793719fb0a,7b20bec233b1e313aa6b9d2b622b88b9d455be7760e1d92f01b6c76bf00b59fd,Upstream tests were detected but never executed.
repository-retry,genometools-genometools,genometools/genometools,2026-07-01,1f0ff66b3ab77021250b7bc474a8d423149290db,,,,REPO-VERIFICATION-CI-001,repository:verification-ci,repository,OBSERVED,MEASUREMENT,APPLICABLE,automated_with_manifest,2026-07-16T17:37:11.937729Z,0.0,sha256:f2045050fde04109c5e1611d916eb1af2029c5289d1f3b3ce7fbd8793719fb0a,7b20bec233b1e313aa6b9d2b622b88b9d455be7760e1d92f01b6c76bf00b59fd,
repository-retry,minimap2,lh3/minimap2,2026-07-01,3c28777e7e2dcc90f825de1b9f17a89cca7d4452,,,,REPO-ACTIVITY-001,repository:activity,repository,OBSERVED,MEASUREMENT,APPLICABLE,automated_with_manifest,2026-07-16T17:37:20.925390Z,0.0,sha256:f2045050fde04109c5e1611d916eb1af2029c5289d1f3b3ce7fbd8793719fb0a,7b20bec233b1e313aa6b9d2b622b88b9d455be7760e1d92f01b6c76bf00b59fd,
repository-retry,minimap2,lh3/minimap2,2026-07-01,3c28777e7e2dcc90f825de1b9f17a89cca7d4452,,,,REPO-DOCUMENTATION-001,repository:documentation,repository,OBSERVED,MEASUREMENT,APPLICABLE,automated_with_manifest,2026-07-16T17:37:20.937508Z,0.0,sha256:f2045050fde04109c5e1611d916eb1af2029c5289d1f3b3ce7fbd8793719fb0a,7b20bec233b1e313aa6b9d2b622b88b9d455be7760e1d92f01b6c76bf00b59fd,
repository-retry,minimap2,lh3/minimap2,2026-07-01,3c28777e7e2dcc90f825de1b9f17a89cca7d4452,,,,REPO-RELEASES-001,repository:releases,repository,OBSERVED,MEASUREMENT,APPLICABLE,automated_with_manifest,2026-07-16T17:37:20.962849Z,0.0,sha256:f2045050fde04109c5e1611d916eb1af2029c5289d1f3b3ce7fbd8793719fb0a,7b20bec233b1e313aa6b9d2b622b88b9d455be7760e1d92f01b6c76bf00b59fd,
repository-retry,minimap2,lh3/minimap2,2026-07-01,3c28777e7e2dcc90f825de1b9f17a89cca7d4452,,,,REPO-STANDARD-TESTS-001,repository:standard-tests,repository,OBSERVED,MEASUREMENT,APPLICABLE,automated_with_manifest,2026-07-16T17:37:20.946083Z,0.0,sha256:f2045050fde04109c5e1611d916eb1af2029c5289d1f3b3ce7fbd8793719fb0a,7b20bec233b1e313aa6b9d2b622b88b9d455be7760e1d92f01b6c76bf00b59fd,Upstream tests were detected but never executed.
repository-retry,minimap2,lh3/minimap2,2026-07-01,3c28777e7e2dcc90f825de1b9f17a89cca7d4452,,,,REPO-VERIFICATION-CI-001,repository:verification-ci,repository,OBSERVED,MEASUREMENT,APPLICABLE,automated_with_manifest,2026-07-16T17:37:20.953852Z,0.0,sha256:f2045050fde04109c5e1611d916eb1af2029c5289d1f3b3ce7fbd8793719fb0a,7b20bec233b1e313aa6b9d2b622b88b9d455be7760e1d92f01b6c76bf00b59fd,
repository-retry,mmseqs2,soedinglab/mmseqs2,2026-07-01,771ee2387007d040819436e26062ff69f320144e,,,,REPO-ACTIVITY-001,repository:activity,repository,OBSERVED,MEASUREMENT,APPLICABLE,automated_with_manifest,2026-07-16T17:38:00.995768Z,0.0,sha256:f2045050fde04109c5e1611d916eb1af2029c5289d1f3b3ce7fbd8793719fb0a,7b20bec233b1e313aa6b9d2b622b88b9d455be7760e1d92f01b6c76bf00b59fd,
repository-retry,mmseqs2,soedinglab/mmseqs2,2026-07-01,771ee2387007d040819436e26062ff69f320144e,,,,REPO-DOCUMENTATION-001,repository:documentation,repository,OBSERVED,MEASUREMENT,APPLICABLE,automated_with_manifest,2026-07-16T17:38:01.013859Z,0.0,sha256:f2045050fde04109c5e1611d916eb1af2029c5289d1f3b3ce7fbd8793719fb0a,7b20bec233b1e313aa6b9d2b622b88b9d455be7760e1d92f01b6c76bf00b59fd,
repository-retry,mmseqs2,soedinglab/mmseqs2,2026-07-01,771ee2387007d040819436e26062ff69f320144e,,,,REPO-RELEASES-001,repository:releases,repository,OBSERVED,MEASUREMENT,APPLICABLE,automated_with_manifest,2026-07-16T17:38:01.040326Z,0.0,sha256:f2045050fde04109c5e1611d916eb1af2029c5289d1f3b3ce7fbd8793719fb0a,7b20bec233b1e313aa6b9d2b622b88b9d455be7760e1d92f01b6c76bf00b59fd,
repository-retry,mmseqs2,soedinglab/mmseqs2,2026-07-01,771ee2387007d040819436e26062ff69f320144e,,,,REPO-STANDARD-TESTS-001,repository:standard-tests,repository,OBSERVED,MEASUREMENT,APPLICABLE,automated_with_manifest,2026-07-16T17:38:01.023918Z,0.0,sha256:f2045050fde04109c5e1611d916eb1af2029c5289d1f3b3ce7fbd8793719fb0a,7b20bec233b1e313aa6b9d2b622b88b9d455be7760e1d92f01b6c76bf00b59fd,Upstream tests were detected but never executed.
repository-retry,mmseqs2,soedinglab/mmseqs2,2026-07-01,771ee2387007d040819436e26062ff69f320144e,,,,REPO-VERIFICATION-CI-001,repository:verification-ci,repository,OBSERVED,MEASUREMENT,APPLICABLE,automated_with_manifest,2026-07-16T17:38:01.032630Z,0.0,sha256:f2045050fde04109c5e1611d916eb1af2029c5289d1f3b3ce7fbd8793719fb0a,7b20bec233b1e313aa6b9d2b622b88b9d455be7760e1d92f01b6c76bf00b59fd,
repository-retry,picard,broadinstitute/picard,2026-07-01,dc7f254babaa6ebed1c1e57169465fa119c51b07,,,,REPO-ACTIVITY-001,repository:activity,repository,OBSERVED,MEASUREMENT,APPLICABLE,automated_with_manifest,2026-07-16T17:38:40.379797Z,0.0,sha256:f2045050fde04109c5e1611d916eb1af2029c5289d1f3b3ce7fbd8793719fb0a,7b20bec233b1e313aa6b9d2b622b88b9d455be7760e1d92f01b6c76bf00b59fd,
repository-retry,picard,broadinstitute/picard,2026-07-01,dc7f254babaa6ebed1c1e57169465fa119c51b07,,,,REPO-DOCUMENTATION-001,repository:documentation,repository,OBSERVED,MEASUREMENT,APPLICABLE,automated_with_manifest,2026-07-16T17:38:40.446734Z,0.0,sha256:f2045050fde04109c5e1611d916eb1af2029c5289d1f3b3ce7fbd8793719fb0a,7b20bec233b1e313aa6b9d2b622b88b9d455be7760e1d92f01b6c76bf00b59fd,
repository-retry,picard,broadinstitute/picard,2026-07-01,dc7f254babaa6ebed1c1e57169465fa119c51b07,,,,REPO-RELEASES-001,repository:releases,repository,OBSERVED,MEASUREMENT,APPLICABLE,automated_with_manifest,2026-07-16T17:38:40.472663Z,0.0,sha256:f2045050fde04109c5e1611d916eb1af2029c5289d1f3b3ce7fbd8793719fb0a,7b20bec233b1e313aa6b9d2b622b88b9d455be7760e1d92f01b6c76bf00b59fd,
repository-retry,picard,broadinstitute/picard,2026-07-01,dc7f254babaa6ebed1c1e57169465fa119c51b07,,,,REPO-STANDARD-TESTS-001,repository:standard-tests,repository,OBSERVED,MEASUREMENT,APPLICABLE,automated_with_manifest,2026-07-16T17:38:40.456064Z,0.0,sha256:f2045050fde04109c5e1611d916eb1af2029c5289d1f3b3ce7fbd8793719fb0a,7b20bec233b1e313aa6b9d2b622b88b9d455be7760e1d92f01b6c76bf00b59fd,Upstream tests were detected but never executed.
repository-retry,picard,broadinstitute/picard,2026-07-01,dc7f254babaa6ebed1c1e57169465fa119c51b07,,,,REPO-VERIFICATION-CI-001,repository:verification-ci,repository,OBSERVED,MEASUREMENT,APPLICABLE,automated_with_manifest,2026-07-16T17:38:40.464432Z,0.0,sha256:f2045050fde04109c5e1611d916eb1af2029c5289d1f3b3ce7fbd8793719fb0a,7b20bec233b1e313aa6b9d2b622b88b9d455be7760e1d92f01b6c76bf00b59fd,
repository-retry,primer3,primer3-org/primer3,2026-07-01,4d4c905b7016fd9210948e711413f1c5d15d0b34,,,,REPO-ACTIVITY-001,repository:activity,repository,OBSERVED,MEASUREMENT,APPLICABLE,automated_with_manifest,2026-07-16T17:38:56.717518Z,0.0,sha256:f2045050fde04109c5e1611d916eb1af2029c5289d1f3b3ce7fbd8793719fb0a,7b20bec233b1e313aa6b9d2b622b88b9d455be7760e1d92f01b6c76bf00b59fd,
repository-retry,primer3,primer3-org/primer3,2026-07-01,4d4c905b7016fd9210948e711413f1c5d15d0b34,,,,REPO-DOCUMENTATION-001,repository:documentation,repository,OBSERVED,MEASUREMENT,APPLICABLE,automated_with_manifest,2026-07-16T17:38:56.772355Z,0.0,sha256:f2045050fde04109c5e1611d916eb1af2029c5289d1f3b3ce7fbd8793719fb0a,7b20bec233b1e313aa6b9d2b622b88b9d455be7760e1d92f01b6c76bf00b59fd,
repository-retry,primer3,primer3-org/primer3,2026-07-01,4d4c905b7016fd9210948e711413f1c5d15d0b34,,,,REPO-RELEASES-001,repository:releases,repository,OBSERVED,MEASUREMENT,APPLICABLE,automated_with_manifest,2026-07-16T17:38:56.796624Z,0.0,sha256:f2045050fde04109c5e1611d916eb1af2029c5289d1f3b3ce7fbd8793719fb0a,7b20bec233b1e313aa6b9d2b622b88b9d455be7760e1d92f01b6c76bf00b59fd,
repository-retry,primer3,primer3-org/primer3,2026-07-01,4d4c905b7016fd9210948e711413f1c5d15d0b34,,,,REPO-STANDARD-TESTS-001,repository:standard-tests,repository,OBSERVED,MEASUREMENT,APPLICABLE,automated_with_manifest,2026-07-16T17:38:56.780843Z,0.0,sha256:f2045050fde04109c5e1611d916eb1af2029c5289d1f3b3ce7fbd8793719fb0a,7b20bec233b1e313aa6b9d2b622b88b9d455be7760e1d92f01b6c76bf00b59fd,Upstream tests were detected but never executed.
repository-retry,primer3,primer3-org/primer3,2026-07-01,4d4c905b7016fd9210948e711413f1c5d15d0b34,,,,REPO-VERIFICATION-CI-001,repository:verification-ci,repository,OBSERVED,MEASUREMENT,APPLICABLE,automated_with_manifest,2026-07-16T17:38:56.789106Z,0.0,sha256:f2045050fde04109c5e1611d916eb1af2029c5289d1f3b3ce7fbd8793719fb0a,7b20bec233b1e313aa6b9d2b622b88b9d455be7760e1d92f01b6c76bf00b59fd,
repository-retry,raxml,stamatak/standard-RAxML,2026-07-01,36ec36110631c34692abcd4f24ca7b3e2fea742a,,,,REPO-ACTIVITY-001,repository:activity,repository,OBSERVED,MEASUREMENT,APPLICABLE,automated_with_manifest,2026-07-16T17:39:08.988257Z,0.0,sha256:f2045050fde04109c5e1611d916eb1af2029c5289d1f3b3ce7fbd8793719fb0a,7b20bec233b1e313aa6b9d2b622b88b9d455be7760e1d92f01b6c76bf00b59fd,
repository-retry,raxml,stamatak/standard-RAxML,2026-07-01,36ec36110631c34692abcd4f24ca7b3e2fea742a,,,,REPO-DOCUMENTATION-001,repository:documentation,repository,OBSERVED,MEASUREMENT,APPLICABLE,automated_with_manifest,2026-07-16T17:39:08.998990Z,0.0,sha256:f2045050fde04109c5e1611d916eb1af2029c5289d1f3b3ce7fbd8793719fb0a,7b20bec233b1e313aa6b9d2b622b88b9d455be7760e1d92f01b6c76bf00b59fd,
repository-retry,raxml,stamatak/standard-RAxML,2026-07-01,36ec36110631c34692abcd4f24ca7b3e2fea742a,,,,REPO-RELEASES-001,repository:releases,repository,OBSERVED,MEASUREMENT,APPLICABLE,automated_with_manifest,2026-07-16T17:39:09.023289Z,0.0,sha256:f2045050fde04109c5e1611d916eb1af2029c5289d1f3b3ce7fbd8793719fb0a,7b20bec233b1e313aa6b9d2b622b88b9d455be7760e1d92f01b6c76bf00b59fd,
repository-retry,raxml,stamatak/standard-RAxML,2026-07-01,36ec36110631c34692abcd4f24ca7b3e2fea742a,,,,REPO-STANDARD-TESTS-001,repository:standard-tests,repository,OBSERVED,MEASUREMENT,APPLICABLE,automated_with_manifest,2026-07-16T17:39:09.007770Z,0.0,sha256:f2045050fde04109c5e1611d916eb1af2029c5289d1f3b3ce7fbd8793719fb0a,7b20bec233b1e313aa6b9d2b622b88b9d455be7760e1d92f01b6c76bf00b59fd,Upstream tests were detected but never executed.
repository-retry,raxml,stamatak/standard-RAxML,2026-07-01,36ec36110631c34692abcd4f24ca7b3e2fea742a,,,,REPO-VERIFICATION-CI-001,repository:verification-ci,repository,OBSERVED,MEASUREMENT,APPLICABLE,automated_with_manifest,2026-07-16T17:39:09.015682Z,0.0,sha256:f2045050fde04109c5e1611d916eb1af2029c5289d1f3b3ce7fbd8793719fb0a,7b20bec233b1e313aa6b9d2b622b88b9d455be7760e1d92f01b6c76bf00b59fd,
repository-retry,spades,ablab/spades,2026-07-01,808b87dade1300ecaa712429955ccba7bfb286f4,,,,REPO-ACTIVITY-001,repository:activity,repository,OBSERVED,MEASUREMENT,APPLICABLE,automated_with_manifest,2026-07-16T17:40:24.096812Z,0.0,sha256:f2045050fde04109c5e1611d916eb1af2029c5289d1f3b3ce7fbd8793719fb0a,7b20bec233b1e313aa6b9d2b622b88b9d455be7760e1d92f01b6c76bf00b59fd,
repository-retry,spades,ablab/spades,2026-07-01,808b87dade1300ecaa712429955ccba7bfb286f4,,,,REPO-DOCUMENTATION-001,repository:documentation,repository,OBSERVED,MEASUREMENT,APPLICABLE,automated_with_manifest,2026-07-16T17:40:24.123201Z,0.0,sha256:f2045050fde04109c5e1611d916eb1af2029c5289d1f3b3ce7fbd8793719fb0a,7b20bec233b1e313aa6b9d2b622b88b9d455be7760e1d92f01b6c76bf00b59fd,
repository-retry,spades,ablab/spades,2026-07-01,808b87dade1300ecaa712429955ccba7bfb286f4,,,,REPO-RELEASES-001,repository:releases,repository,OBSERVED,MEASUREMENT,APPLICABLE,automated_with_manifest,2026-07-16T17:40:24.148657Z,0.0,sha256:f2045050fde04109c5e1611d916eb1af2029c5289d1f3b3ce7fbd8793719fb0a,7b20bec233b1e313aa6b9d2b622b88b9d455be7760e1d92f01b6c76bf00b59fd,
repository-retry,spades,ablab/spades,2026-07-01,808b87dade1300ecaa712429955ccba7bfb286f4,,,,REPO-STANDARD-TESTS-001,repository:standard-tests,repository,OBSERVED,MEASUREMENT,APPLICABLE,automated_with_manifest,2026-07-16T17:40:24.132001Z,0.0,sha256:f2045050fde04109c5e1611d916eb1af2029c5289d1f3b3ce7fbd8793719fb0a,7b20bec233b1e313aa6b9d2b622b88b9d455be7760e1d92f01b6c76bf00b59fd,Upstream tests were detected but never executed.
repository-retry,spades,ablab/spades,2026-07-01,808b87dade1300ecaa712429955ccba7bfb286f4,,,,REPO-VERIFICATION-CI-001,repository:verification-ci,repository,OBSERVED,MEASUREMENT,APPLICABLE,automated_with_manifest,2026-07-16T17:40:24.140500Z,0.0,sha256:f2045050fde04109c5e1611d916eb1af2029c5289d1f3b3ce7fbd8793719fb0a,7b20bec233b1e313aa6b9d2b622b88b9d455be7760e1d92f01b6c76bf00b59fd,
repository-retry,star,alexdobin/STAR,2026-07-01,b1edc1208d91a53bf40ebae8669f71d50b994851,,,,REPO-ACTIVITY-001,repository:activity,repository,OBSERVED,MEASUREMENT,APPLICABLE,automated_with_manifest,2026-07-16T17:40:43.144794Z,0.0,sha256:f2045050fde04109c5e1611d916eb1af2029c5289d1f3b3ce7fbd8793719fb0a,7b20bec233b1e313aa6b9d2b622b88b9d455be7760e1d92f01b6c76bf00b59fd,
repository-retry,star,alexdobin/STAR,2026-07-01,b1edc1208d91a53bf40ebae8669f71d50b994851,,,,REPO-DOCUMENTATION-001,repository:documentation,repository,OBSERVED,MEASUREMENT,APPLICABLE,automated_with_manifest,2026-07-16T17:40:43.158881Z,0.0,sha256:f2045050fde04109c5e1611d916eb1af2029c5289d1f3b3ce7fbd8793719fb0a,7b20bec233b1e313aa6b9d2b622b88b9d455be7760e1d92f01b6c76bf00b59fd,
repository-retry,star,alexdobin/STAR,2026-07-01,b1edc1208d91a53bf40ebae8669f71d50b994851,,,,REPO-RELEASES-001,repository:releases,repository,OBSERVED,MEASUREMENT,APPLICABLE,automated_with_manifest,2026-07-16T17:40:43.183503Z,0.0,sha256:f2045050fde04109c5e1611d916eb1af2029c5289d1f3b3ce7fbd8793719fb0a,7b20bec233b1e313aa6b9d2b622b88b9d455be7760e1d92f01b6c76bf00b59fd,
repository-retry,star,alexdobin/STAR,2026-07-01,b1edc1208d91a53bf40ebae8669f71d50b994851,,,,REPO-STANDARD-TESTS-001,repository:standard-tests,repository,OBSERVED,MEASUREMENT,APPLICABLE,automated_with_manifest,2026-07-16T17:40:43.167329Z,0.0,sha256:f2045050fde04109c5e1611d916eb1af2029c5289d1f3b3ce7fbd8793719fb0a,7b20bec233b1e313aa6b9d2b622b88b9d455be7760e1d92f01b6c76bf00b59fd,Upstream tests were detected but never executed.
repository-retry,star,alexdobin/STAR,2026-07-01,b1edc1208d91a53bf40ebae8669f71d50b994851,,,,REPO-VERIFICATION-CI-001,repository:verification-ci,repository,OBSERVED,MEASUREMENT,APPLICABLE,automated_with_manifest,2026-07-16T17:40:43.175509Z,0.0,sha256:f2045050fde04109c5e1611d916eb1af2029c5289d1f3b3ce7fbd8793719fb0a,7b20bec233b1e313aa6b9d2b622b88b9d455be7760e1d92f01b6c76bf00b59fd,
repository-retry,star-fusion,STAR-Fusion/STAR-Fusion,2026-07-01,2e701b64867b89d719d3c6a275fc6f5586820993,,,,REPO-ACTIVITY-001,repository:activity,repository,OBSERVED,MEASUREMENT,APPLICABLE,automated_with_manifest,2026-07-16T17:40:32.772340Z,0.0,sha256:f2045050fde04109c5e1611d916eb1af2029c5289d1f3b3ce7fbd8793719fb0a,7b20bec233b1e313aa6b9d2b622b88b9d455be7760e1d92f01b6c76bf00b59fd,
repository-retry,star-fusion,STAR-Fusion/STAR-Fusion,2026-07-01,2e701b64867b89d719d3c6a275fc6f5586820993,,,,REPO-DOCUMENTATION-001,repository:documentation,repository,OBSERVED,MEASUREMENT,APPLICABLE,automated_with_manifest,2026-07-16T17:40:32.782423Z,0.0,sha256:f2045050fde04109c5e1611d916eb1af2029c5289d1f3b3ce7fbd8793719fb0a,7b20bec233b1e313aa6b9d2b622b88b9d455be7760e1d92f01b6c76bf00b59fd,
repository-retry,star-fusion,STAR-Fusion/STAR-Fusion,2026-07-01,2e701b64867b89d719d3c6a275fc6f5586820993,,,,REPO-RELEASES-001,repository:releases,repository,OBSERVED,MEASUREMENT,APPLICABLE,automated_with_manifest,2026-07-16T17:40:32.807314Z,0.0,sha256:f2045050fde04109c5e1611d916eb1af2029c5289d1f3b3ce7fbd8793719fb0a,7b20bec233b1e313aa6b9d2b622b88b9d455be7760e1d92f01b6c76bf00b59fd,
repository-retry,star-fusion,STAR-Fusion/STAR-Fusion,2026-07-01,2e701b64867b89d719d3c6a275fc6f5586820993,,,,REPO-STANDARD-TESTS-001,repository:standard-tests,repository,OBSERVED,MEASUREMENT,APPLICABLE,automated_with_manifest,2026-07-16T17:40:32.791024Z,0.0,sha256:f2045050fde04109c5e1611d916eb1af2029c5289d1f3b3ce7fbd8793719fb0a,7b20bec233b1e313aa6b9d2b622b88b9d455be7760e1d92f01b6c76bf00b59fd,Upstream tests were detected but never executed.
repository-retry,star-fusion,STAR-Fusion/STAR-Fusion,2026-07-01,2e701b64867b89d719d3c6a275fc6f5586820993,,,,REPO-VERIFICATION-CI-001,repository:verification-ci,repository,OBSERVED,MEASUREMENT,APPLICABLE,automated_with_manifest,2026-07-16T17:40:32.799111Z,0.0,sha256:f2045050fde04109c5e1611d916eb1af2029c5289d1f3b3ce7fbd8793719fb0a,7b20bec233b1e313aa6b9d2b622b88b9d455be7760e1d92f01b6c76bf00b59fd,
repository-retry,stringtie,gpertea/stringtie,2026-07-01,d1dc38ddb681089b2e8faaabdcfee772af6fb033,,,,REPO-ACTIVITY-001,repository:activity,repository,OBSERVED,MEASUREMENT,APPLICABLE,automated_with_manifest,2026-07-16T17:40:51.038898Z,0.0,sha256:f2045050fde04109c5e1611d916eb1af2029c5289d1f3b3ce7fbd8793719fb0a,7b20bec233b1e313aa6b9d2b622b88b9d455be7760e1d92f01b6c76bf00b59fd,
repository-retry,stringtie,gpertea/stringtie,2026-07-01,d1dc38ddb681089b2e8faaabdcfee772af6fb033,,,,REPO-DOCUMENTATION-001,repository:documentation,repository,OBSERVED,MEASUREMENT,APPLICABLE,automated_with_manifest,2026-07-16T17:40:51.048732Z,0.0,sha256:f2045050fde04109c5e1611d916eb1af2029c5289d1f3b3ce7fbd8793719fb0a,7b20bec233b1e313aa6b9d2b622b88b9d455be7760e1d92f01b6c76bf00b59fd,
repository-retry,stringtie,gpertea/stringtie,2026-07-01,d1dc38ddb681089b2e8faaabdcfee772af6fb033,,,,REPO-RELEASES-001,repository:releases,repository,OBSERVED,MEASUREMENT,APPLICABLE,automated_with_manifest,2026-07-16T17:40:51.072825Z,0.0,sha256:f2045050fde04109c5e1611d916eb1af2029c5289d1f3b3ce7fbd8793719fb0a,7b20bec233b1e313aa6b9d2b622b88b9d455be7760e1d92f01b6c76bf00b59fd,
repository-retry,stringtie,gpertea/stringtie,2026-07-01,d1dc38ddb681089b2e8faaabdcfee772af6fb033,,,,REPO-STANDARD-TESTS-001,repository:standard-tests,repository,OBSERVED,MEASUREMENT,APPLICABLE,automated_with_manifest,2026-07-16T17:40:51.056813Z,0.0,sha256:f2045050fde04109c5e1611d916eb1af2029c5289d1f3b3ce7fbd8793719fb0a,7b20bec233b1e313aa6b9d2b622b88b9d455be7760e1d92f01b6c76bf00b59fd,Upstream tests were detected but never executed.
repository-retry,stringtie,gpertea/stringtie,2026-07-01,d1dc38ddb681089b2e8faaabdcfee772af6fb033,,,,REPO-VERIFICATION-CI-001,repository:verification-ci,repository,OBSERVED,MEASUREMENT,APPLICABLE,automated_with_manifest,2026-07-16T17:40:51.064806Z,0.0,sha256:f2045050fde04109c5e1611d916eb1af2029c5289d1f3b3ce7fbd8793719fb0a,7b20bec233b1e313aa6b9d2b622b88b9d455be7760e1d92f01b6c76bf00b59fd,
repository-retry,unicycler,rrwick/Unicycler,2026-07-01,d153f67d6f626176c100724600104ade4f6d7a2e,,,,REPO-ACTIVITY-001,repository:activity,repository,OBSERVED,MEASUREMENT,APPLICABLE,automated_with_manifest,2026-07-16T17:41:05.942698Z,0.0,sha256:f2045050fde04109c5e1611d916eb1af2029c5289d1f3b3ce7fbd8793719fb0a,7b20bec233b1e313aa6b9d2b622b88b9d455be7760e1d92f01b6c76bf00b59fd,
repository-retry,unicycler,rrwick/Unicycler,2026-07-01,d153f67d6f626176c100724600104ade4f6d7a2e,,,,REPO-DOCUMENTATION-001,repository:documentation,repository,OBSERVED,MEASUREMENT,APPLICABLE,automated_with_manifest,2026-07-16T17:41:05.954555Z,0.0,sha256:f2045050fde04109c5e1611d916eb1af2029c5289d1f3b3ce7fbd8793719fb0a,7b20bec233b1e313aa6b9d2b622b88b9d455be7760e1d92f01b6c76bf00b59fd,
repository-retry,unicycler,rrwick/Unicycler,2026-07-01,d153f67d6f626176c100724600104ade4f6d7a2e,,,,REPO-RELEASES-001,repository:releases,repository,OBSERVED,MEASUREMENT,APPLICABLE,automated_with_manifest,2026-07-16T17:41:05.978338Z,0.0,sha256:f2045050fde04109c5e1611d916eb1af2029c5289d1f3b3ce7fbd8793719fb0a,7b20bec233b1e313aa6b9d2b622b88b9d455be7760e1d92f01b6c76bf00b59fd,
repository-retry,unicycler,rrwick/Unicycler,2026-07-01,d153f67d6f626176c100724600104ade4f6d7a2e,,,,REPO-STANDARD-TESTS-001,repository:standard-tests,repository,OBSERVED,MEASUREMENT,APPLICABLE,automated_with_manifest,2026-07-16T17:41:05.962644Z,0.0,sha256:f2045050fde04109c5e1611d916eb1af2029c5289d1f3b3ce7fbd8793719fb0a,7b20bec233b1e313aa6b9d2b622b88b9d455be7760e1d92f01b6c76bf00b59fd,Upstream tests were detected but never executed.
repository-retry,unicycler,rrwick/Unicycler,2026-07-01,d153f67d6f626176c100724600104ade4f6d7a2e,,,,REPO-VERIFICATION-CI-001,repository:verification-ci,repository,OBSERVED,MEASUREMENT,APPLICABLE,automated_with_manifest,2026-07-16T17:41:05.970678Z,0.0,sha256:f2045050fde04109c5e1611d916eb1af2029c5289d1f3b3ce7fbd8793719fb0a,7b20bec233b1e313aa6b9d2b622b88b9d455be7760e1d92f01b6c76bf00b59fd,
repository-retry,vcftools,vcftools/vcftools,2026-07-01,1f87a83402ffd17ea2723a456b7edf5d80b4a22c,,,,REPO-ACTIVITY-001,repository:activity,repository,OBSERVED,MEASUREMENT,APPLICABLE,automated_with_manifest,2026-07-16T17:41:09.029143Z,0.0,sha256:f2045050fde04109c5e1611d916eb1af2029c5289d1f3b3ce7fbd8793719fb0a,7b20bec233b1e313aa6b9d2b622b88b9d455be7760e1d92f01b6c76bf00b59fd,
repository-retry,vcftools,vcftools/vcftools,2026-07-01,1f87a83402ffd17ea2723a456b7edf5d80b4a22c,,,,REPO-DOCUMENTATION-001,repository:documentation,repository,OBSERVED,MEASUREMENT,APPLICABLE,automated_with_manifest,2026-07-16T17:41:09.038256Z,0.0,sha256:f2045050fde04109c5e1611d916eb1af2029c5289d1f3b3ce7fbd8793719fb0a,7b20bec233b1e313aa6b9d2b622b88b9d455be7760e1d92f01b6c76bf00b59fd,
repository-retry,vcftools,vcftools/vcftools,2026-07-01,1f87a83402ffd17ea2723a456b7edf5d80b4a22c,,,,REPO-RELEASES-001,repository:releases,repository,OBSERVED,MEASUREMENT,APPLICABLE,automated_with_manifest,2026-07-16T17:41:09.061398Z,0.0,sha256:f2045050fde04109c5e1611d916eb1af2029c5289d1f3b3ce7fbd8793719fb0a,7b20bec233b1e313aa6b9d2b622b88b9d455be7760e1d92f01b6c76bf00b59fd,
repository-retry,vcftools,vcftools/vcftools,2026-07-01,1f87a83402ffd17ea2723a456b7edf5d80b4a22c,,,,REPO-STANDARD-TESTS-001,repository:standard-tests,repository,OBSERVED,MEASUREMENT,APPLICABLE,automated_with_manifest,2026-07-16T17:41:09.046205Z,0.0,sha256:f2045050fde04109c5e1611d916eb1af2029c5289d1f3b3ce7fbd8793719fb0a,7b20bec233b1e313aa6b9d2b622b88b9d455be7760e1d92f01b6c76bf00b59fd,Upstream tests were detected but never executed.
repository-retry,vcftools,vcftools/vcftools,2026-07-01,1f87a83402ffd17ea2723a456b7edf5d80b4a22c,,,,REPO-VERIFICATION-CI-001,repository:verification-ci,repository,OBSERVED,MEASUREMENT,APPLICABLE,automated_with_manifest,2026-07-16T17:41:09.053939Z,0.0,sha256:f2045050fde04109c5e1611d916eb1af2029c5289d1f3b3ce7fbd8793719fb0a,7b20bec233b1e313aa6b9d2b622b88b9d455be7760e1d92f01b6c76bf00b59fd,
